sheet,column
Sheet1,Project - Easygrants ID
Sheet1,RBI - Non-Infrastructure Project Type
Sheet1,RBI - Rural Classificaton
Sheet1,Non-Rural BTOP Infrastructure Category Consideration
Sheet1,RBI - Noninfrastructure Budget Federal Funding
Sheet1,Project - Program
Sheet1,Project Type
Sheet1,Classification
Sheet1,Project - Funding Cycle
Sheet1,Organization - Primary Address State/Province
Sheet1,Tasks - Outcome
Sheet1,Grant Award
Sheet1,Loan Award
Sheet1,Other Funding
Sheet1,Funding Round Number
Sheet2,Project - Easygrants ID 
Sheet2,Project State
Sheet3,Project Area
Sheet4,roundnum
Sheet4,grantround
