sheet,column,value,count
Sheet1,Project - Easygrants ID,661,1
Sheet1,Project - Easygrants ID,668,1
Sheet1,Project - Easygrants ID,1058,1
Sheet1,Project - Easygrants ID,1914,1
Sheet1,Project - Easygrants ID,2286,1
Sheet1,Project - Easygrants ID,2290,1
Sheet1,Project - Easygrants ID,2557,1
Sheet1,Project - Easygrants ID,2641,1
Sheet1,Project - Easygrants ID,2017,1
Sheet1,Project - Easygrants ID,2157,1
Sheet1,Project - Easygrants ID,1396,1
Sheet1,Project - Easygrants ID,3452,1
Sheet1,Project - Easygrants ID,2928,1
Sheet1,Project - Easygrants ID,2965,1
Sheet1,Project - Easygrants ID,3334,1
Sheet1,Project - Easygrants ID,199,1
Sheet1,Project - Easygrants ID,204,1
Sheet1,Project - Easygrants ID,1007,1
Sheet1,Project - Easygrants ID,5994,1
Sheet1,Project - Easygrants ID,988,1
Sheet1,Project - Easygrants ID,3900,1
Sheet1,Project - Easygrants ID,3154,1
Sheet1,Project - Easygrants ID,2990,1
Sheet1,Project - Easygrants ID,5188,1
Sheet1,Project - Easygrants ID,2298,1
Sheet1,Project - Easygrants ID,5718,1
Sheet1,Project - Easygrants ID,2702,1
Sheet1,Project - Easygrants ID,7811,1
Sheet1,Project - Easygrants ID,642,1
Sheet1,Project - Easygrants ID,10002,1
Sheet1,Project - Easygrants ID,904,1
Sheet1,Project - Easygrants ID,6362,1
Sheet1,Project - Easygrants ID,194,1
Sheet1,Project - Easygrants ID,3925,1
Sheet1,Project - Easygrants ID,7,1
Sheet1,Project - Easygrants ID,3121,1
Sheet1,Project - Easygrants ID,2867,1
Sheet1,Project - Easygrants ID,2897,1
Sheet1,Project - Easygrants ID,1247,1
Sheet1,Project - Easygrants ID,4156,1
Sheet1,Project - Easygrants ID,5511,1
Sheet1,Project - Easygrants ID,6499,1
Sheet1,Project - Easygrants ID,6723,1
Sheet1,Project - Easygrants ID,2975,1
Sheet1,Project - Easygrants ID,3463,1
Sheet1,Project - Easygrants ID,920,1
Sheet1,Project - Easygrants ID,7823,1
Sheet1,Project - Easygrants ID,1213,1
Sheet1,Project - Easygrants ID,2932,1
Sheet1,Project - Easygrants ID,10003,1
Sheet1,RBI - Non-Infrastructure Project Type,<NA>,1636
Sheet1,RBI - Non-Infrastructure Project Type,Public Computer Center,626
Sheet1,RBI - Non-Infrastructure Project Type,Sustainable Broadband Adoption,580
Sheet1,RBI - Non-Infrastructure Project Type,Comprehensive Community Infrastructure,374
Sheet1,RBI - Non-Infrastructure Project Type,1,1
Sheet1,RBI - Rural Classificaton,<NA>,1714
Sheet1,RBI - Rural Classificaton,True,1236
Sheet1,RBI - Rural Classificaton,False,267
Sheet1,Non-Rural BTOP Infrastructure Category Consideration,<NA>,2316
Sheet1,Non-Rural BTOP Infrastructure Category Consideration,Last Mile,638
Sheet1,Non-Rural BTOP Infrastructure Category Consideration,Middle Mile,263
Sheet1,RBI - Noninfrastructure Budget Federal Funding,<NA>,2013
Sheet1,RBI - Noninfrastructure Budget Federal Funding,387792,8
Sheet1,RBI - Noninfrastructure Budget Federal Funding,200000,7
Sheet1,RBI - Noninfrastructure Budget Federal Funding,5000000,6
Sheet1,RBI - Noninfrastructure Budget Federal Funding,1200000,6
Sheet1,RBI - Noninfrastructure Budget Federal Funding,1500000,6
Sheet1,RBI - Noninfrastructure Budget Federal Funding,500000,5
Sheet1,RBI - Noninfrastructure Budget Federal Funding,1000000,5
Sheet1,RBI - Noninfrastructure Budget Federal Funding,3000000,5
Sheet1,RBI - Noninfrastructure Budget Federal Funding,15000000,5
Sheet1,RBI - Noninfrastructure Budget Federal Funding,800000,4
Sheet1,RBI - Noninfrastructure Budget Federal Funding,2000000,4
Sheet1,RBI - Noninfrastructure Budget Federal Funding,160000,4
Sheet1,RBI - Noninfrastructure Budget Federal Funding,480000,4
Sheet1,RBI - Noninfrastructure Budget Federal Funding,275000,3
Sheet1,RBI - Noninfrastructure Budget Federal Funding,2400000,3
Sheet1,RBI - Noninfrastructure Budget Federal Funding,700000,3
Sheet1,RBI - Noninfrastructure Budget Federal Funding,0,3
Sheet1,RBI - Noninfrastructure Budget Federal Funding,3674012,3
Sheet1,RBI - Noninfrastructure Budget Federal Funding,50000000,2
Sheet1,RBI - Noninfrastructure Budget Federal Funding,6174000,2
Sheet1,RBI - Noninfrastructure Budget Federal Funding,1600000,2
Sheet1,RBI - Noninfrastructure Budget Federal Funding,1800000,2
Sheet1,RBI - Noninfrastructure Budget Federal Funding,804000,2
Sheet1,RBI - Noninfrastructure Budget Federal Funding,3700000,2
Sheet1,RBI - Noninfrastructure Budget Federal Funding,600000,2
Sheet1,RBI - Noninfrastructure Budget Federal Funding,1366442,2
Sheet1,RBI - Noninfrastructure Budget Federal Funding,900000,2
Sheet1,RBI - Noninfrastructure Budget Federal Funding,807440,2
Sheet1,RBI - Noninfrastructure Budget Federal Funding,3124190,2
Sheet1,RBI - Noninfrastructure Budget Federal Funding,873000,2
Sheet1,RBI - Noninfrastructure Budget Federal Funding,16000000,2
Sheet1,RBI - Noninfrastructure Budget Federal Funding,24000000,2
Sheet1,RBI - Noninfrastructure Budget Federal Funding,8000000,2
Sheet1,RBI - Noninfrastructure Budget Federal Funding,8600000,2
Sheet1,RBI - Noninfrastructure Budget Federal Funding,10547649,2
Sheet1,RBI - Noninfrastructure Budget Federal Funding,596600,2
Sheet1,RBI - Noninfrastructure Budget Federal Funding,2745297,2
Sheet1,RBI - Noninfrastructure Budget Federal Funding,7000000,2
Sheet1,RBI - Noninfrastructure Budget Federal Funding,250000,2
Sheet1,RBI - Noninfrastructure Budget Federal Funding,4043200,2
Sheet1,RBI - Noninfrastructure Budget Federal Funding,829478,2
Sheet1,RBI - Noninfrastructure Budget Federal Funding,861805,2
Sheet1,RBI - Noninfrastructure Budget Federal Funding,4983358,2
Sheet1,RBI - Noninfrastructure Budget Federal Funding,11878375,2
Sheet1,RBI - Noninfrastructure Budget Federal Funding,1950000,2
Sheet1,RBI - Noninfrastructure Budget Federal Funding,4000000,2
Sheet1,RBI - Noninfrastructure Budget Federal Funding,125000,2
Sheet1,RBI - Noninfrastructure Budget Federal Funding,10000000,2
Sheet1,RBI - Noninfrastructure Budget Federal Funding,3724128,2
Sheet1,Project - Program,Broadband Infrastructure Programs,1875
Sheet1,Project - Program,Broadband Non-Infrastructure Programs,1207
Sheet1,Project - Program,<NA>,120
Sheet1,Project - Program,NTIA,15
Sheet1,Project Type,BTOP,1942
Sheet1,Project Type,BIP/BTOP,849
Sheet1,Project Type,BIP,426
Sheet1,Classification,Public Computer Center,659
Sheet1,Classification,Last Mile Non-Remote Area,655
Sheet1,Classification,Sustainable Broadband Adoption,597
Sheet1,Classification,Last Mile Remote Area,416
Sheet1,Classification,Comprehensive Community Infrastructure,389
Sheet1,Classification,Middle Mile,381
Sheet1,Classification,Last Mile (BTOP Only),114
Sheet1,Classification,Last Mile (BTOP only),3
Sheet1,Classification,CCI,3
Sheet1,Project - Funding Cycle,Summer 2009 Broadband Initiatives Program and Broadband Technology Opportunities Program,1498
Sheet1,Project - Funding Cycle,Summer 2009 Public Computer Centers and Sustainable Broadband Adoption,734
Sheet1,Project - Funding Cycle,Winter 2010 Public Computer Centers and Sustainable Broadband Adoption,445
Sheet1,Project - Funding Cycle,Winter 2010 Broadband Technology Opportunities Program,374
Sheet1,Project - Funding Cycle,<NA>,74
Sheet1,Project - Funding Cycle,Winter 2010 Public Computer Centers,46
Sheet1,Project - Funding Cycle,Winter 2010 Sustainable Broadband Adoption,28
Sheet1,Project - Funding Cycle,Summer 2010 Broadband Technology Opportunities Program,18
Sheet1,Organization - Primary Address State/Province,VA,278
Sheet1,Organization - Primary Address State/Province,CA,273
Sheet1,Organization - Primary Address State/Province,NY,164
Sheet1,Organization - Primary Address State/Province,TX,155
Sheet1,Organization - Primary Address State/Province,GA,133
Sheet1,Organization - Primary Address State/Province,ND,132
Sheet1,Organization - Primary Address State/Province,FL,121
Sheet1,Organization - Primary Address State/Province,IL,118
Sheet1,Organization - Primary Address State/Province,MI,101
Sheet1,Organization - Primary Address State/Province,MD,89
Sheet1,Organization - Primary Address State/Province,MO,84
Sheet1,Organization - Primary Address State/Province,AL,82
Sheet1,Organization - Primary Address State/Province,PA,77
Sheet1,Organization - Primary Address State/Province,CO,71
Sheet1,Organization - Primary Address State/Province,OH,67
Sheet1,Organization - Primary Address State/Province,AZ,64
Sheet1,Organization - Primary Address State/Province,WA,58
Sheet1,Organization - Primary Address State/Province,SC,57
Sheet1,Organization - Primary Address State/Province,NC,57
Sheet1,Organization - Primary Address State/Province,NM,55
Sheet1,Organization - Primary Address State/Province,KY,51
Sheet1,Organization - Primary Address State/Province,OK,49
Sheet1,Organization - Primary Address State/Province,MA,49
Sheet1,Organization - Primary Address State/Province,MN,49
Sheet1,Organization - Primary Address State/Province,LA,44
Sheet1,Organization - Primary Address State/Province,NJ,44
Sheet1,Organization - Primary Address State/Province,IN,43
Sheet1,Organization - Primary Address State/Province,IA,43
Sheet1,Organization - Primary Address State/Province,WI,42
Sheet1,Organization - Primary Address State/Province,KS,40
Sheet1,Organization - Primary Address State/Province,DC,38
Sheet1,Organization - Primary Address State/Province,AK,38
Sheet1,Organization - Primary Address State/Province,NV,36
Sheet1,Organization - Primary Address State/Province,OR,35
Sheet1,Organization - Primary Address State/Province,AR,33
Sheet1,Organization - Primary Address State/Province,TN,28
Sheet1,Organization - Primary Address State/Province,PR,28
Sheet1,Organization - Primary Address State/Province,RI,27
Sheet1,Organization - Primary Address State/Province,UT,27
Sheet1,Organization - Primary Address State/Province,WV,24
Sheet1,Organization - Primary Address State/Province,MS,24
Sheet1,Organization - Primary Address State/Province,ME,19
Sheet1,Organization - Primary Address State/Province,CT,18
Sheet1,Organization - Primary Address State/Province,NH,18
Sheet1,Organization - Primary Address State/Province,MT,17
Sheet1,Organization - Primary Address State/Province,ID,17
Sheet1,Organization - Primary Address State/Province,HI,17
Sheet1,Organization - Primary Address State/Province,NE,16
Sheet1,Organization - Primary Address State/Province,SD,15
Sheet1,Organization - Primary Address State/Province,VT,14
Sheet1,Tasks - Outcome,Application Not Funded,2895
Sheet1,Tasks - Outcome,Awarded,299
Sheet1,Tasks - Outcome,Application Withdrawn,20
Sheet1,Tasks - Outcome,Application Ineligible,2
Sheet1,Tasks - Outcome,awarded,1
Sheet1,Grant Award,<NA>,2982
Sheet1,Grant Award,0,4
Sheet1,Grant Award,12137422,1
Sheet1,Grant Award,21286914,1
Sheet1,Grant Award,1278528,1
Sheet1,Grant Award,4636354,1
Sheet1,Grant Award,1429596,1
Sheet1,Grant Award,4418765,1
Sheet1,Grant Award,25402904,1
Sheet1,Grant Award,5646473,1
Sheet1,Grant Award,45145250,1
Sheet1,Grant Award,22534776,1
Sheet1,Grant Award,392000,1
Sheet1,Grant Award,461539,1
Sheet1,Grant Award,4312476,1
Sheet1,Grant Award,22698010,1
Sheet1,Grant Award,18983648,1
Sheet1,Grant Award,4858219,1
Sheet1,Grant Award,81148788,1
Sheet1,Grant Award,7251295,1
Sheet1,Grant Award,7108181,1
Sheet1,Grant Award,698924,1
Sheet1,Grant Award,5995600,1
Sheet1,Grant Award,100635190,1
Sheet1,Grant Award,8321815,1
Sheet1,Grant Award,61895282,1
Sheet1,Grant Award,16702490,1
Sheet1,Grant Award,8974283,1
Sheet1,Grant Award,9237760,1
Sheet1,Grant Award,7931632,1
Sheet1,Grant Award,1906439,1
Sheet1,Grant Award,865920,1
Sheet1,Grant Award,7496157,1
Sheet1,Grant Award,535308,1
Sheet1,Grant Award,7804181,1
Sheet1,Grant Award,3355956,1
Sheet1,Grant Award,13483004,1
Sheet1,Grant Award,30031849,1
Sheet1,Grant Award,14988657,1
Sheet1,Grant Award,7615229,1
Sheet1,Grant Award,3702738,1
Sheet1,Grant Award,6856399,1
Sheet1,Grant Award,2287387,1
Sheet1,Grant Award,20725022,1
Sheet1,Grant Award,11584467,1
Sheet1,Grant Award,932116,1
Sheet1,Grant Award,25829178,1
Sheet1,Grant Award,3908064,1
Sheet1,Grant Award,806045,1
Sheet1,Grant Award,46619757,1
Sheet1,Loan Award,<NA>,3216
Sheet1,Loan Award,0,1
Sheet1,Other Funding,<NA>,3208
Sheet1,Other Funding,0,1
Sheet1,Other Funding,2499597,1
Sheet1,Other Funding,3697619,1
Sheet1,Other Funding,763634,1
Sheet1,Other Funding,281388,1
Sheet1,Other Funding,5692151,1
Sheet1,Other Funding,23297597,1
Sheet1,Other Funding,3550800,1
Sheet1,Other Funding,28417425,1
Sheet1,Funding Round Number,1,2306
Sheet1,Funding Round Number,2,911
Sheet2,Project - Easygrants ID ,7042,60
Sheet2,Project - Easygrants ID ,7181,60
Sheet2,Project - Easygrants ID ,7502,60
Sheet2,Project - Easygrants ID ,7519,60
Sheet2,Project - Easygrants ID ,4630,59
Sheet2,Project - Easygrants ID ,4773,59
Sheet2,Project - Easygrants ID ,5335,59
Sheet2,Project - Easygrants ID ,5697,59
Sheet2,Project - Easygrants ID ,6081,59
Sheet2,Project - Easygrants ID ,6095,59
Sheet2,Project - Easygrants ID ,6439,59
Sheet2,Project - Easygrants ID ,6672,59
Sheet2,Project - Easygrants ID ,6677,59
Sheet2,Project - Easygrants ID ,6814,59
Sheet2,Project - Easygrants ID ,6883,59
Sheet2,Project - Easygrants ID ,6911,59
Sheet2,Project - Easygrants ID ,6935,59
Sheet2,Project - Easygrants ID ,6960,59
Sheet2,Project - Easygrants ID ,6977,59
Sheet2,Project - Easygrants ID ,7701,59
Sheet2,Project - Easygrants ID ,303,56
Sheet2,Project - Easygrants ID ,347,56
Sheet2,Project - Easygrants ID ,558,56
Sheet2,Project - Easygrants ID ,604,56
Sheet2,Project - Easygrants ID ,740,56
Sheet2,Project - Easygrants ID ,966,56
Sheet2,Project - Easygrants ID ,1247,56
Sheet2,Project - Easygrants ID ,1411,56
Sheet2,Project - Easygrants ID ,1633,56
Sheet2,Project - Easygrants ID ,1754,56
Sheet2,Project - Easygrants ID ,1791,56
Sheet2,Project - Easygrants ID ,1805,56
Sheet2,Project - Easygrants ID ,1890,56
Sheet2,Project - Easygrants ID ,2187,56
Sheet2,Project - Easygrants ID ,2207,56
Sheet2,Project - Easygrants ID ,2293,56
Sheet2,Project - Easygrants ID ,2341,56
Sheet2,Project - Easygrants ID ,2502,56
Sheet2,Project - Easygrants ID ,2537,56
Sheet2,Project - Easygrants ID ,2621,56
Sheet2,Project - Easygrants ID ,2659,56
Sheet2,Project - Easygrants ID ,2819,56
Sheet2,Project - Easygrants ID ,2837,56
Sheet2,Project - Easygrants ID ,2853,56
Sheet2,Project - Easygrants ID ,2991,56
Sheet2,Project - Easygrants ID ,3016,56
Sheet2,Project - Easygrants ID ,3017,56
Sheet2,Project - Easygrants ID ,3118,56
Sheet2,Project - Easygrants ID ,3245,56
Sheet2,Project - Easygrants ID ,3557,56
Sheet2,Project State,CA,347
Sheet2,Project State,TX,282
Sheet2,Project State,NY,251
Sheet2,Project State,GA,248
Sheet2,Project State,FL,227
Sheet2,Project State,IL,225
Sheet2,Project State,TN,224
Sheet2,Project State,VA,209
Sheet2,Project State,AL,205
Sheet2,Project State,MI,200
Sheet2,Project State,PA,198
Sheet2,Project State,IA,189
Sheet2,Project State,MO,183
Sheet2,Project State,AZ,181
Sheet2,Project State,OH,180
Sheet2,Project State,OK,173
Sheet2,Project State,NM,169
Sheet2,Project State,MS,168
Sheet2,Project State,MN,159
Sheet2,Project State,NC,157
Sheet2,Project State,IN,155
Sheet2,Project State,SC,151
Sheet2,Project State,CO,148
Sheet2,Project State,KY,146
Sheet2,Project State,LA,146
Sheet2,Project State,WA,146
Sheet2,Project State,KS,141
Sheet2,Project State,MT,141
Sheet2,Project State,OR,139
Sheet2,Project State,WI,137
Sheet2,Project State,MA,134
Sheet2,Project State,NJ,133
Sheet2,Project State,AR,132
Sheet2,Project State,MD,132
Sheet2,Project State,UT,123
Sheet2,Project State,AK,121
Sheet2,Project State,ID,121
Sheet2,Project State,WV,121
Sheet2,Project State,NE,117
Sheet2,Project State,DC,117
Sheet2,Project State,NV,115
Sheet2,Project State,ND,109
Sheet2,Project State,SD,107
Sheet2,Project State,ME,105
Sheet2,Project State,NH,105
Sheet2,Project State,WY,102
Sheet2,Project State,CT,100
Sheet2,Project State,VT,98
Sheet2,Project State,PR,98
Sheet2,Project State,HI,94
Sheet3,Project Area,CA,213
Sheet3,Project Area,NY,142
Sheet3,Project Area,TX,141
Sheet3,Project Area,GA,123
Sheet3,Project Area,FL,113
Sheet3,Project Area,TN,112
Sheet3,Project Area,IL,109
Sheet3,Project Area,IA,100
Sheet3,Project Area,VA,95
Sheet3,Project Area,MI,94
Sheet3,Project Area,AL,89
Sheet3,Project Area,PA,79
Sheet3,Project Area,MO,77
Sheet3,Project Area,OH,72
Sheet3,Project Area,OK,70
Sheet3,Project Area,AZ,66
Sheet3,Project Area,MS,62
Sheet3,Project Area,NM,55
Sheet3,Project Area,NC,55
Sheet3,Project Area,MN,54
Sheet3,Project Area,MT,52
Sheet3,Project Area,IN,50
Sheet3,Project Area,KY,50
Sheet3,Project Area,SC,47
Sheet3,Project Area,WA,45
Sheet3,Project Area,KS,42
Sheet3,Project Area,CO,42
Sheet3,Project Area,LA,41
Sheet3,Project Area,AK,40
Sheet3,Project Area,WI,39
Sheet3,Project Area,MA,38
Sheet3,Project Area,NJ,35
Sheet3,Project Area,"AK, AL, AR, AS, AZ, CA, CO, CT, DC, DE, FL, GA, GU, HI, IA, ID, IL, IN, KS, KY, LA, MA, MD, ME, MI, MN, MO, MP, MS, MT, NC, ND, NE, NH, NJ, NM, NV, NY, OH, OK, OR, PA, PR, RI, SC, SD, TN, TX, UT, VA, VI, VT, WA, WI, WV, WY",35
Sheet3,Project Area,AR,34
Sheet3,Project Area,OR,34
Sheet3,Project Area,PR,32
Sheet3,Project Area,WV,30
Sheet3,Project Area,NE,28
Sheet3,Project Area,ID,28
Sheet3,Project Area,UT,27
Sheet3,Project Area,ME,26
Sheet3,Project Area,NV,23
Sheet3,Project Area,MD,22
Sheet3,Project Area,NH,20
Sheet3,Project Area,ND,19
Sheet3,Project Area,WY,17
Sheet3,Project Area,DC,17
Sheet3,Project Area,SD,15
Sheet3,Project Area,HI,14
Sheet3,Project Area,"AL, AK, AS, AZ, AR, CA, CO, CT, DE, DC, FM, FL, GA, GU, HI, ID, IL, IN, IA, KS, KY, LA, ME, MH, MD, MA, MI, MN, MS, MO, MT, NE, NV, NH, NJ, NM, NY, NC, ND, MP, OH, OK, OR, PW, PA, PR, RI, SC, SD, TN, TX, UT, VT, VI, VA, WA, WV, WI, WY",14
Sheet4,roundnum,1,1
Sheet4,roundnum,2,1
Sheet4,grantround,Round 1 - Summer 2009,1
Sheet4,grantround,Round 2 - Winter 2010,1
