OCC2010,census_title,n_census_soc_targets,n_soc2010_scored,crosswalk_ambiguous,computer_mediated,physical_dependence,relational_public,remote_feasibility_proxy,partial_market_shelter_proxy,n_soc2000_sources
10,Chief executives,1,1,False,1.4002617088354277,-1.4498556134450526,0.8675090073188609,1.624944474718553,-1.1777270681636784,1
20,General and operations managers,1,1,False,,,,,,1
30,Legislators,1,1,False,,,,,,1
40,Advertising and promotions managers,1,1,False,1.0478139961612734,-1.1336520177609888,0.9847816736889186,1.2437246419291246,-0.7108653428439218,1
50,Marketing and sales managers,1,2,True,1.1385959827591614,-1.5681704263570917,1.170488568223368,1.543215462206995,-0.9125937704314679,2
60,Public relations and fundraising managers,1,1,False,,,,,,1
100,Administrative services managers,1,1,False,1.4002617088354277,-1.053744165633162,-0.25720180957213973,1.399108470192366,-1.6105363085647801,1
110,Computer and information systems managers,1,1,False,2.4682850805752894,-1.4482212809447257,0.19519377700973994,2.2329275088436935,-2.2105680314171035,1
120,Financial managers,1,1,False,1.6726076686290923,-1.3655540885104922,0.32165894094335656,1.7321547158679886,-1.6136817712474358,1
135,Compensation and benefits managers,1,1,False,1.0478139961612734,-1.447483688607856,0.37724882429854606,1.4226502726558878,-1.2581826959188003,1
136,Human resources managers,1,1,False,,,,,,1
137,Training and development managers,1,1,False,-0.20177334877436526,-1.7575447643135236,0.5268427802281775,0.8869958249938429,-0.6112135694527816,1
140,Industrial production managers,1,1,False,0.9623721264220841,-1.025418279685784,0.39470248574898087,1.1333038861428524,-0.9463406118154837,1
150,Purchasing managers,1,1,False,1.2293779693570497,-1.180749388507584,0.6460835995642177,1.3740919024331852,-1.0478933574006544,1
160,"Transportation, storage, and distribution managers",1,1,False,0.3749592719651604,-0.9003199629744335,0.48593916720852504,0.7270781207281352,-0.46889098403232893,1
205,"Farmers, ranchers, and other agricultural managers",1,1,False,-0.3477365429121463,0.5304499614052743,0.10203538605033544,-0.5006826549937237,0.5822803447260959,2
220,Construction managers,1,1,False,-0.20177334877436526,-0.9933590371987566,-0.23106384492676063,0.45130871652760457,-0.6074836000553755,1
230,Education administrators,1,4,True,1.4643431111398193,-1.0046751150457158,1.0779470257466752,1.4076674995994305,-0.8263367979123514,4
300,Architectural and engineering managers,1,1,False,2.115837367901135,-0.5945857074519268,0.2757855452023716,1.54530024641954,-1.4462455840558397,1
310,Food service managers,1,1,False,0.6953662834871187,-0.13631730286560098,1.236487777493603,0.4741698307621341,0.2404654765214938,1
325,Funeral service managers,1,1,False,-0.5542210614485196,-0.7513074811481782,1.1023121928448953,0.11236537044614536,0.5377304673783622,1
330,Gaming managers,1,1,False,-0.20177334877436526,-1.1336520177609888,1.5548019603134484,0.5312943023223644,0.37003457316752586,1
340,Lodging managers,1,1,False,1.9342733947053585,0.33203368068333433,2.177397020073823,0.9134889115341852,0.341660187076547,1
350,Medical and health services managers,1,1,False,1.2293779693570497,-1.0855312690223624,0.8064801556412197,1.3198049592462988,-0.8960507971946385,1
360,Natural sciences managers,1,1,False,2.2974013410969114,-1.524122875735028,0.1823342566290843,2.1787751025545683,-2.1617848013531473,1
400,Postmasters and mail superintendents,1,1,False,-0.20177334877436526,-1.6854137646644205,0.6882655983371236,0.8458715988367411,-0.47247580114480087,1
410,"Property, real estate, and community association managers",1,1,False,0.16135459761718784,-1.1901758763605823,0.9733990411313025,0.7705514292115868,-0.22462108144412898,1
420,Social and community service managers,1,1,False,-0.3726570882527431,-1.3753154503572027,1.8865527326771554,0.5716481047272691,0.5250589931280063,1
425,Emergency management directors,1,1,False,,,,,,1
430,"Managers, all other",1,1,False,,,,,,1
500,"Agents and business managers of artists, performers, and athletes",1,1,False,-0.2658547510787568,-1.6453667420966323,1.2653808371593982,0.7865046010873962,-0.06779722863337444,1
510,"Buyers and purchasing agents, farm products",1,1,False,0.16135459761718784,-1.460667125044719,0.4754098644058787,0.9247672773007187,-0.6811208305518083,1
520,"Wholesale and retail buyers, except farm products",1,1,False,0.6953662834871187,-0.9094449277334058,0.028855913081441763,0.9149550056250467,-0.9361633353536543,1
530,"Purchasing agents, except wholesale, retail, and farm products",1,1,False,0.3322383370955659,-1.7535385069759994,-0.10553099252284605,1.1891691376262763,-1.3017006608722859,1
540,"Claims adjusters, appraisers, examiners, and investigators",1,2,True,0.24679646735637684,-1.2356486958428472,0.07690121361725633,0.8451901464485619,-0.8349340323171262,2
565,Compliance officers,1,1,False,0.2681569347911741,-1.130339292144651,0.2795767046208629,0.7973281307086059,-0.6646707766645347,1
600,Cost estimators,1,1,False,-0.20177334877436526,-1.5964286098253837,0.020775521472130763,0.7951382712795543,-0.8161245695850139,1
630,Human resources workers,1,3,True,0.6900261666284195,-1.2800800355924484,1.1378835942436547,1.1232215470154987,-0.49436446158126174,4
640,"Compensation, benefits, and job analysis specialists",1,1,False,1.2293779693570497,-1.367012978584412,-0.2953980026036164,1.4802868261194875,-1.717806838987007,1
650,Training and development specialists,1,1,False,-0.020209375578588595,-1.3675758364800294,0.6371741352624501,0.7681773900840946,-0.4218749206261373,1
700,Logisticians,1,1,False,,,,,,1
710,Management analysts,1,1,False,0.8342093218133005,-1.503938560307933,0.2876994281489045,1.3330540649771503,-1.2180260860876733,1
725,"Meeting, convention, and event planners",1,1,False,0.24679646735637673,-0.9378834867707335,1.0641594433490682,0.6754245275167776,-0.07159269268723929,3
726,Fundraisers,1,1,False,,,,,,1
735,Market research analysts and marketing specialists,1,1,False,1.1385959827591614,-0.8936909575997987,0.5324063777182493,1.158672805839668,-0.8909727273431358,3
740,"Business operations specialists, all other",1,1,False,,,,,,1
800,Accountants and auditors,1,1,False,1.9396135115640578,-1.3993841138967844,0.050053691644692255,1.9036710173915505,-1.953728463306175,1
810,Appraisers and assessors of real estate,1,1,False,0.33757845395426506,-0.8064921760682924,-0.0474113866645961,0.6522718326049242,-0.7077750111775725,1
820,Budget analysts,1,1,False,0.6953662834871187,-1.7495322496384755,-0.81373205298562,1.3939160790304348,-1.9357214521132198,1
830,Credit analysts,1,1,False,2.115837367901135,-1.359526083203431,0.0052400947011158935,1.9814176045891974,-2.061354315858629,1
840,Financial analysts,1,1,False,2.4682850805752894,-1.4479483801468507,0.09913031517122592,2.232771919233334,-2.2674704138800403,1
850,Personal financial advisors,1,1,False,1.2293779693570497,-1.4562950071155636,1.5090604523699558,1.5311894110128266,-0.69894209961634,1
860,Insurance underwriters,1,1,False,0.16135459761718784,-1.7535385069759994,-0.6009761920958409,1.0917427663980015,-1.494499618665195,1
900,Financial examiners,1,1,False,0.5885639463131325,-1.7362127436526984,0.06500460664059751,1.325430713951047,-1.3423704169546347,1
910,Credit counselors and loan officers,1,2,True,1.7633896552269805,-1.5967185669231259,1.0239112264666614,1.9157068543657227,-1.3877690402162572,2
930,"Tax examiners and collectors, and revenue agents",1,1,False,0.8662500229654967,-1.677364011387822,-0.1023916557349252,1.450196993165126,-1.5718044256221964,1
940,Tax preparers,1,1,False,0.5138023102913423,-1.2791535395366096,0.4656302660097487,1.0222223761866336,-0.7884700455112927,1
950,"Financial specialists, all other",1,1,False,,,,,,1
1005,Computer and information research scientists,1,1,False,,,,,,1
1006,Computer systems analysts,1,1,False,3.1838607396409966,-0.9738363135053357,-0.05212563646224895,2.37043815749241,-2.5007572581564737,1
1007,Information security analysts,1,1,False,3.365424712836773,-0.7355181139944065,0.005577200426357142,2.3380807293448753,-2.432766429882258,1
1010,Computer programmers,1,1,False,3.1838607396409966,-0.8165516819134672,-0.11934858043155504,2.280765079452643,-2.4472579933157297,1
1030,Web developers,1,1,False,3.365424712836773,-0.7355181139944065,0.005577200426357142,2.3380807293448753,-2.432766429882258,1
1050,Computer support specialists,1,2,True,3.1838607396409966,-0.4257986870064648,0.13917144239749318,2.057984103002939,-2.0615709154166004,2
1060,Database administrators,1,1,False,3.365424712836773,-1.0815002770905509,-0.4762615196561028,2.5353364001480747,-2.9245161387648615,1
1105,Network and computer systems administrators,1,1,False,3.365424712836773,-0.7721464717145752,-0.10451505716479173,2.358963745994793,-2.519922747550135,2
1106,Computer network architects,1,1,False,3.274642726238885,-0.854677213749871,-0.023274218017945904,2.3542594434186426,-2.466761844019366,2
1107,"Computer occupations, all other",1,1,False,,,,,,1
1200,Actuaries,1,1,False,1.0478139961612734,-1.6854137646644205,-0.8728680643794474,1.5583019384435013,-2.142125921538036,1
1210,Mathematicians,1,1,False,2.2974013410969114,-1.3567047697011865,-0.5631302467449683,2.083324601538048,-2.5051611927788247,1
1220,Operations research analysts,1,1,False,1.4002617088354277,-1.2911113837941097,-0.7453347716296841,1.534439232408613,-2.041504540541294,1
1230,Statisticians,1,1,False,2.4682850805752894,-1.4397068361291325,-0.7658052001360269,2.228073147252949,-2.776371577819653,1
1240,Miscellaneous mathematical science occupations,1,2,True,2.831413026966842,-1.2025143524094375,-0.8054028022105675,2.299873045678191,-2.8747030382280085,2
1300,"Architects, except naval",1,2,True,0.7808081532263078,-0.4355217648108602,0.44278877425325724,0.6934692001267946,-0.45950596317873293,2
1310,"Surveyors, cartographers, and photogrammetrists",1,2,True,0.16135459761718784,-0.4602652513508537,-0.707472414167351,0.35440566992090883,-0.7895195044674149,2
1320,Aerospace engineers,1,1,False,1.9342733947053585,-0.2842346746485169,-0.7792998183384631,1.2648435210837754,-1.780785174684489,1
1330,Agricultural engineers,1,1,False,0.5138023102913423,-0.510108740090959,0.08445764726239911,0.5837649527320952,-0.5580626762145964,1
1340,Biomedical engineers,1,1,False,,,,,,1
1350,Chemical engineers,1,1,False,1.5818256820312042,-1.2142974622256852,-0.3643796174282818,1.5941606397653303,-1.8774306671435212,1
1360,Civil engineers,1,1,False,1.6565873180529942,-0.4452996602370555,-0.3956076843600235,1.198354048500175,-1.483584551018211,1
1400,Computer hardware engineers,1,1,False,3.365424712836773,-0.9738363135053357,0.4997534915948496,2.4739536769224517,-2.2807792734278833,1
1410,Electrical and electronics engineers,1,2,True,1.5497849808790083,-0.9960497714556708,-0.15316145244794171,1.451463096628836,-1.6032823343147666,2
1420,Environmental engineers,1,1,False,,,,,,1
1430,"Industrial engineers, including health and safety",1,2,True,1.1083353205598654,-0.9176874502767253,-0.30593238050288873,1.1551013992963297,-1.3852492611630143,2
1440,Marine engineers and naval architects,1,1,False,0.647305231758825,-0.026064186282866858,-0.07105493102478086,0.38390978039310886,-0.44220973930127194,1
1450,Materials engineers,1,1,False,0.3749592719651604,-1.4610082510420626,-0.41643865922091977,1.046744728349012,-1.3379948572245586,1
1460,Mechanical engineers,1,1,False,2.4682850805752894,-0.5575942342919188,-0.3001117754532831,1.7251520965194707,-1.9757355529992815,1
1500,"Mining and geological engineers, including mining safety engineers",1,1,False,-0.020209375578588595,-0.7111974399437873,0.0481503833359511,0.3939547430238034,-0.38186430051281706,1
1510,Nuclear engineers,1,1,False,1.4429826437050222,-1.00076301538217,-0.3111786215015629,1.3932587880887242,-1.636505239842866,1
1520,Petroleum engineers,1,1,False,1.0157732950090772,-0.9058860218942919,-0.1367112102198633,1.0956004038440998,-1.2227320282121883,1
1530,"Engineers, all other",1,1,False,,,,,,1
1540,Drafters,1,4,True,1.5551250977377078,-0.40797675519563686,-0.3462760179024771,1.1192281399424688,-1.3718376991444234,4
1550,"Engineering technicians, except drafters",1,8,True,1.1041818963364325,-0.37949630792103206,-0.6381354227821118,0.845893143212599,-1.2604190768822823,8
1560,Surveying and mapping technicians,1,1,False,1.549784980879008,-0.38539580168218135,-0.447538353563962,1.103309430675736,-1.4154045462582916,1
1600,Agricultural and food scientists,1,3,True,0.5138023102913423,-0.8993751309029907,-0.8596359180610326,0.8056983678932399,-1.3501173145896352,3
1610,Biological scientists,1,4,True,0.3357984150013653,-0.7152011186803401,-0.9864056666545453,0.5992089770611192,-1.2102780136377547,4
1640,Conservation scientists and foresters,1,2,True,-0.41003790626363823,-0.2054380964229575,0.6878015770260411,-0.11664899824652311,0.5301124085117593,2
1650,Medical scientists,1,2,True,0.6953662834871187,-0.5871360506724956,0.07707639620839406,0.7311962442440207,-0.7160581064239234,2
1660,"Life scientists, all other",1,1,False,,,,,,1
1700,Astronomers and physicists,1,2,True,1.0478139961612734,-1.1261261303525378,-0.9981791732064327,1.2394338890305978,-1.8843312289837064,2
1710,Atmospheric and space scientists,1,1,False,1.9342733947053585,-0.667781495137192,0.5631155227115748,1.4835160233968603,-1.2111893533852933,1
1720,Chemists and materials scientists,1,2,True,1.1225756321830636,-0.5283935439086858,-0.30225329486465785,0.941271160891854,-1.160271021175172,2
1740,Environmental scientists and geoscientists,1,3,True,1.1902171123932548,-0.8803877636632595,-0.8472663030505228,1.1805191057823459,-1.7333004422084002,3
1760,"Physical scientists, all other",1,1,False,,,,,,1
1800,Economists,1,1,False,1.2293779693570497,-1.910085546230998,-0.06636936536091984,1.7899101392617156,-1.9043580778969127,1
1815,Survey researchers,1,1,False,,,,,,1
1820,Psychologists,1,3,True,0.8377693997191004,-1.4576386710928342,1.034595326054256,1.3086867100985835,-0.7489594824056847,3
1830,Sociologists,1,1,False,0.6953662834871187,-1.4397068361291325,-0.16746539580528602,1.2172745457595975,-1.3677749228817553,1
1840,Urban and regional planners,1,1,False,0.8662500229654967,-0.8956067190479344,0.5079221391186982,1.0044917645318656,-0.744873665863138,1
1860,Miscellaneous social scientists and related workers,1,5,True,0.469746346207073,-0.9884496094077949,-0.25195903922059343,0.8313648854417715,-1.0158818627833852,5
1900,Agricultural and food science technicians,1,1,False,-0.05225007673078447,-0.10633088013840587,-0.7302186350400738,0.03083322289878232,-0.46589670346626433,1
1910,Biological technicians,1,1,False,-0.2658547510787568,0.2094128063250922,-0.29935062070494634,-0.2709654740803567,0.10449978270304229,1
1920,Chemical technicians,1,1,False,0.3749592719651604,-0.6071153096511609,-0.5032865107308273,0.5599126227835792,-0.8823477392145767,1
1930,Geological and petroleum technicians,1,1,False,0.268156934791174,-0.2984414890774113,-0.5054935869646202,0.32303616803845137,-0.6368538713329953,1
1940,Nuclear technicians,1,1,False,0.8021686206611048,-0.24157650448047419,-0.555154036522516,0.5950730030847226,-0.9497926583609995,1
1950,Social science research assistants,1,1,False,0.802168620661105,-0.9815689136788299,-0.17055476667453937,1.016966715059505,-1.1609065313806988,1
1965,"Miscellaneous life, physical, and social science technicians",1,4,True,0.6953662834871187,-0.6188984194674085,-0.24576543936103318,0.7493050025304937,-0.9267033290899107,4
2000,Counselors,1,6,True,0.2752770906027732,-1.5455234377058078,1.739298351289003,1.0380975319543302,-0.04841466630895431,6
2010,Social workers,1,4,True,0.39275966149415803,-1.34028827189373,1.782075490769581,0.9880669268476949,0.02912379665646954,4
2015,Probation officers and correctional treatment specialists,1,1,False,0.5885639463131325,-1.4657214949685615,1.4988204539398031,1.171214865861915,-0.3299623763670153,1
2016,Social and human service assistants,1,1,False,-0.3726570882527431,-0.20720736406698015,1.8216352160387594,-0.09432826257981912,1.1803863139190602,1
2040,Clergy,1,1,False,-0.5542210614485196,-1.2911113837941097,1.777918004915563,0.4201251114852188,0.6184007558215537,1
2050,"Directors, religious activities and education",1,1,False,-0.052250076730784474,-1.7456392315056968,1.947214679828329,0.9654561688001357,0.15077975270776253,1
2060,"Religious workers, all other",1,1,False,,,,,,1
2100,Lawyers,1,1,False,0.16135459761718784,-1.4516646803866324,0.8588846872918694,0.9196346911465415,-0.4479779055789924,1
2105,Judicial law clerks,1,1,False,0.6953662834871187,-1.5969914677210006,-0.1547877876608931,1.3069476237993642,-1.4536757054394882,1
2110,"Judges, magistrates, and other judicial workers",1,3,True,-0.13769194646997351,-1.7559634810887257,1.0128460110990734,0.9226291732682137,-0.35964038959460054,3
2145,Paralegals and legal assistants,1,1,False,0.5138023102913423,-1.4036413363045808,-0.1353513207018872,1.0931969132510042,-1.2194199833281778,2
2160,Miscellaneous legal support workers,1,3,True,0.9623721264220841,-1.0957012203658376,0.1474669074749261,1.1733744738454124,-1.134955857496391,3
2200,Postsecondary teachers,1,38,True,0.6317703463516998,-1.2725793937037857,0.742097909123233,1.0857316517619298,-0.6904114297221675,38
2300,Preschool and kindergarten teachers,1,2,True,0.6045842968892305,0.3949993024154462,1.6397736982600326,0.1194912139552195,0.849573733914052,2
2310,Elementary and middle school teachers,1,3,True,0.6882461276755198,-0.6484001575144043,1.130657997749631,0.7620654696539199,-0.12236304065324664,3
2320,Secondary school teachers,1,2,True,0.3322383370955659,-0.8283347917297148,1.0151170907874707,0.661680443274705,-0.08640512194577916,2
2330,Special education teachers,1,5,True,-0.020209375578588595,-0.7516956046025428,1.3829699826725992,0.4170440623244672,0.3870003194028469,5
2340,Other teachers and instructors,1,3,True,0.5885639463131325,-0.7151086569265048,1.9562482149548974,0.7432661023866896,0.3876489148868573,3
2400,"Archivists, curators, and museum technicians",1,3,True,0.30375771384916955,-0.6528807059266174,0.823037224389611,0.5454106405957894,-0.07936300022446435,3
2430,Librarians,1,1,False,2.2974013410969114,0.4223089697384319,1.8923123403682642,1.0690510754090363,0.010229162998418966,1
2440,Library technicians,1,1,False,2.0837966667489387,-0.1515833179177671,1.258324586419855,1.2744627481068815,-0.5803993562051791,1
2540,Teacher assistants,1,1,False,0.16135459761718784,-1.1810905145049277,1.4243323573947804,0.7653715692694171,0.04864340806360559,1
2600,Artists and related workers,1,5,True,-0.37799720511144247,-0.6891632501383462,-0.0898242304942442,0.17740587085093082,-0.23819989959076188,5
2630,Designers,1,8,True,-0.09802250694820726,-0.39702958131259697,0.024183959376663813,0.1704736466783103,-0.16325293253113876,8
2700,Actors,1,1,False,-0.906668774122674,0.3906759405294711,0.900593656537463,-0.7396583675343388,1.3056393914880253,1
2710,Producers and directors,1,1,False,0.2638848413042146,-1.167099422256919,0.4669372100105994,0.8158506157993279,-0.5726720206819484,1
2720,"Athletes, coaches, umpires, and related workers",1,3,True,-0.6396629311877086,-0.4390554516743004,0.3897895049850628,-0.11437284103157658,0.3507129998188883,3
2740,Dancers and choreographers,1,2,True,-0.906668774122674,-0.4288383750127037,0.530738804450771,-0.2724266333938295,0.5991194741724679,2
2750,"Musicians, singers, and related workers",1,2,True,-0.6574633207167063,-1.2153168799130047,0.0006039313183485717,0.318050436601956,-0.33102250481013623,2
2760,"Entertainers and performers, sports and related workers, all other",1,1,False,,,,,,1
2800,Announcers,1,2,True,-0.3726570882527431,-1.3592361261056887,0.9463126285373418,0.5624807596164371,-0.0239194196003676,2
2810,"News analysts, reporters and correspondents",1,2,True,0.6953662834871187,-1.017252258311931,0.36558721851581627,0.9764194670309942,-0.8001758285401492,2
2825,Public relations specialists,1,1,False,0.6953662834871187,-0.5004515231842642,1.3141239317625457,0.6817745790780111,0.07027728311132289,1
2830,Editors,1,1,False,1.9342733947053585,-0.8087748294347438,-0.2656895041124109,1.5639009036079095,-1.7872778182295053,1
2840,Technical writers,1,1,False,0.6953662834871187,-0.8165516819134672,-0.13218182999234562,0.8619935484408898,-0.9766431509362983,1
2850,Writers and authors,1,1,False,1.4937137538626655,-1.4157825313087329,-0.4647090940583313,1.658798350455469,-2.0043762445025717,1
2860,Miscellaneous media and communication workers,1,2,True,0.5885639463131325,-1.0761047811693645,0.514790915559404,0.9490817201851487,-0.6830609021272395,2
2900,Broadcast and sound engineering technicians and radio operators,1,4,True,-0.06293031044818312,-0.0562961700354159,-0.014858352431323302,-0.003782338966877269,-0.004885421409502183,4
2910,Photographers,1,1,False,-0.2872152185135542,0.5001511487266231,-0.3614306921087998,-0.4489031444510609,0.2530181933129365,1
2920,"Television, video, and motion picture camera operators and editors",1,2,True,0.12397377960629274,-0.3615492904917094,-0.411389282186186,0.27681247502922857,-0.5327920533188595,2
2960,"Media and communication equipment workers, all other",1,1,False,,,,,,1
3000,Chiropractors,1,1,False,-0.7357850346442962,0.5634770384772363,2.3611650537229623,-0.7407515158852961,2.1744002967166103,1
3010,Dentists,1,5,True,-0.3032355690896521,-0.2744468005042726,1.2179699226324732,-0.016413412206250155,0.7406109653807296,5
3030,Dietitians and nutritionists,1,1,False,0.5138023102913423,-1.2954075982293762,1.030180783846941,1.0314893430788699,-0.4627659836249229,1
3040,Optometrists,1,1,False,0.5138023102913423,-0.595148565347544,1.4285426738098888,0.6322489197258302,0.18984683390495075,1
3050,Pharmacists,1,1,False,1.0478139961612734,-0.6559983853209446,0.6938672643126395,0.9713987889562854,-0.5999368069196142,1
3060,Physicians and surgeons,1,8,True,0.16135459761718782,-0.29645090332563556,1.9191831304383808,0.26100978841726147,0.868100863936459,8
3110,Physician assistants,1,1,False,0.5138023102913423,-0.2858250819787459,1.8121862777098992,0.45589355313388585,0.601489461379161,1
3120,Podiatrists,1,1,False,-0.906668774122674,0.17350811064374194,2.4057195095865387,-0.6158439327737802,2.0707239596758775,1
3140,Audiologists,1,1,False,0.3322383370955659,-1.2909366493528571,1.2933994968563778,0.9254247904504908,-0.19589624313514478,1
3150,Occupational therapists,1,1,False,0.3322383370955659,-0.06368437307595305,1.5694644002734448,0.2257283990660551,0.6971179348041547,1
3160,Physical therapists,1,1,False,0.8662500229654967,0.4024590503457186,1.4048261469845689,0.26442230026511404,0.5590022943916665,1
3200,Radiation therapists,1,1,False,2.831413026966842,0.4795629290118855,1.3142304118427646,1.3408661433559428,-0.616376306692472,1
3210,Recreational therapists,1,1,False,-0.20177334877436526,-0.16836072871213922,1.8952605028851044,-0.019049620144248058,1.1456879936362103,1
3220,Respiratory therapists,1,1,False,-0.20177334877436526,0.24563911029284508,1.5072382774352535,-0.2550843776142483,1.1611194524973967,1
3230,Speech-language pathologists,1,1,False,0.3322383370955659,-1.2909366493528571,1.2933994968563778,0.9254247904504908,-0.19589624313514478,1
3235,Exercise physiologists,1,1,False,,,,,,1
3245,"Therapists, all other",1,1,False,,,,,,1
3250,Veterinarians,1,1,False,-0.5542210614485196,0.1743609256371012,1.3306277832510252,-0.4153882596478376,1.223230563117823,1
3255,Registered nurses,1,1,False,1.6672675517703932,0.549845869691939,2.275330732404065,0.6370784016607607,0.6878316915898591,1
3256,Nurse anesthetists,1,1,False,1.6672675517703932,0.549845869691939,2.275330732404065,0.6370784016607607,0.6878316915898591,1
3257,Nurse midwives,1,1,False,1.6672675517703932,0.549845869691939,2.275330732404065,0.6370784016607607,0.6878316915898591,1
3258,Nurse practitioners,1,1,False,1.6672675517703932,0.549845869691939,2.275330732404065,0.6370784016607607,0.6878316915898591,1
3260,"Health diagnosing and treating practitioners, all other",1,1,False,,,,,,1
3300,Clinical laboratory technologists and technicians,1,2,True,1.3628808908245325,-0.1466605675197796,-0.014288280655730717,0.8606386245645872,-0.9051992354465062,2
3310,Dental hygienists,1,1,False,-0.020209375578588595,-0.10870758729403174,1.6870670379742643,0.05045570546352762,0.9495964295116458,1
3320,Diagnostic related technologists and technicians,1,5,True,0.871590139824196,-0.07593581867647309,0.8886463491381118,0.5402153303942283,-0.03497620240260599,5
3400,Emergency medical technicians and paramedics,1,1,False,0.3322383370955659,1.584673029235942,1.5830110343114558,-0.7140537047474771,1.6843373232881824,1
3420,Health practitioner support technologists and technicians,1,7,True,-0.24182422521461003,-0.290405191933135,0.8035207040986476,0.027697587333909895,0.448456186143939,7
3500,Licensed practical and licensed vocational nurses,1,1,False,-0.3726570882527431,0.9299169852797855,1.7259240068373765,-0.7426397949136863,1.7990160427640618,1
3510,Medical records and health information technicians,1,1,False,2.4682850805752894,-1.1992456874087831,-0.38278371647614146,2.0909784347149523,-2.406004739779654,1
3520,"Opticians, dispensing",1,1,False,-0.20177334877436526,-0.5112344558821932,1.4952097164366929,0.17643383035642804,0.7043692002628755,1
3535,Miscellaneous health technologists and technicians,1,3,True,-0.052250076730784474,0.10948144291337174,1.4575913266188683,-0.09220839338056702,0.9619249217043327,3
3540,Other healthcare practitioners and technical occupations,1,5,True,-0.26585475107875695,-0.49307928297833803,0.5875028550789897,0.12954808728200073,0.21401581445966306,5
3600,"Nursing, psychiatric, and home health aides",1,4,True,-0.39401755568754027,0.6509731671832673,1.553094015711431,-0.5957831588148076,1.543337985077749,4
3610,Occupational therapy assistants and aides,1,2,True,-0.3726570882527431,0.17474904909146596,1.287352126217461,-0.31209402200775854,1.0898998325725264,2
3620,Physical therapist assistants and aides,1,2,True,-0.5542210614485196,0.3989174845471893,1.789263547261206,-0.5434152488564067,1.629066695949939,2
3630,Massage therapists,1,1,False,,,,,,1
3640,Dental assistants,1,1,False,0.3322383370955659,-0.19740278503532627,1.087315862062406,0.30196560971802405,0.3312750337482561,1
3645,Medical assistants,1,1,False,1.4002617088354277,0.15321055601190126,1.92093611793252,0.7109843740925743,0.40030729128297915,1
3646,Medical transcriptionists,1,1,False,,,,,,1
3647,Pharmacy aides,1,1,False,,,,,,1
3648,Veterinary assistants and laboratory animal caretakers,1,1,False,-0.5542210614485196,-0.07219881789154609,0.7076730683245043,-0.2748165400898764,0.7067136564981925,1
3649,Phlebotomists,1,1,False,,,,,,1
3700,First-line supervisors of correctional officers,1,1,False,,,,,,1
3710,First-line supervisors of police and detectives,1,1,False,1.4002617088354277,1.1145842762318183,2.008883282270007,0.16287398488199278,1.023634450564379,1
3720,First-line supervisors of fire fighting and prevention workers,1,1,False,-0.5542210614485197,0.7652660331902517,0.5658657121883519,-0.7522824576849849,1.1199544644710393,1
3730,"First-line supervisors of protective service workers, all other",1,1,False,,,,,,1
3740,Firefighters,1,1,False,-0.8212269043834851,2.1216413609464464,0.7516336176363397,-1.6778248004703888,2.1946416940328874,1
3750,Fire inspectors,1,2,True,-0.5969419963181141,0.4004877996280018,0.937410199312056,-0.568667129304509,1.149351295354244,2
3800,"Bailiffs, correctional officers, and jailers",1,2,True,-0.7998664369486879,0.17750299240999443,1.6783317714233976,-0.557230062629304,1.5775638412857091,2
3820,Detectives and criminal investigators,1,1,False,0.17417087807806617,-0.46210679703066654,0.4264001989276601,0.36276257277978596,-0.12467333200966217,1
3830,Fish and game wardens,1,1,False,-0.906668774122674,1.186890010322174,1.7428953293129594,-1.193605874638224,2.278965452451426,1
3840,Parking enforcement workers,1,1,False,-0.7357850346442962,-0.13027821984206592,-0.46829757714152775,-0.3452191056928313,0.0815062823935755,1
3850,Police and sheriff's patrol officers,1,1,False,0.5743236346899344,1.4529897494051294,2.1071944616105047,-0.5009560964621814,1.7736881238539814,1
3860,Transit and railroad police,1,1,False,-0.6930640997747017,0.285777950104318,0.6492263668340321,-0.5580696514276924,0.9671200452029091,1
3900,Animal control workers,1,1,False,-0.5542210614485196,0.9566215640878432,1.1983035893371585,-0.8613804622506639,1.609311735854132,1
3910,Private detectives and investigators,1,1,False,-0.5542210614485196,-0.059000035186322006,0.8854500549181483,-0.28234159488751676,0.8201588242448097,1
3930,Security guards and gaming surveillance officers,1,2,True,0.3322383370955659,1.8194124243467915,0.814458595439094,-0.8478862596750573,1.3672368318636088,2
3940,Crossing guards,1,1,False,-0.906668774122674,0.7753260273152363,1.7409240391744412,-0.9589598778042487,2.0333134589898267,1
3945,Transportation security screeners,1,1,False,0.30019763594337,0.3445365661010703,0.5470176500299785,-0.0252790644832257,0.35128302759953706,3
4000,Chefs and head cooks,1,1,False,-0.6930640997747017,-0.436214298381401,0.5192041808485461,-0.14643841583077424,0.46099866239092774,1
4010,First-line supervisors of food preparation and serving workers,1,1,False,0.16135459761718784,-1.0909267649435488,0.6838700287623836,0.7139662865730396,-0.3376528831305238,1
4020,Cooks,1,6,True,-0.7331149762149465,0.18221996047079136,0.35863980266018136,-0.5218621830957646,0.7567780904386561,6
4030,Food preparation workers,1,1,False,-0.906668774122674,0.7972261227550241,0.566993700245237,-0.9714458336638546,1.3489739498382454,1
4040,Bartenders,1,1,False,0.5138023102913423,0.33406140723626476,1.6952894153289053,0.102476127918333,0.9002799456405152,1
4050,"Combined food preparation and serving workers, including fast food",1,1,False,0.8662500229654967,0.6275955234512912,1.641998732421016,0.13606468313453035,0.8336273365613013,1
4060,"Counter attendants, cafeteria, food concession, and coffee shop",1,1,False,-0.906668774122674,0.4105258599221843,1.296375435129719,-0.7509754514272186,1.552536722347452,1
4110,Waiters and waitresses,1,1,False,0.5138023102913423,0.9421647866350279,2.0057735532354286,-0.24422336360332084,1.4459476781137595,1
4120,"Food servers, nonrestaurant",1,1,False,-0.906668774122674,-0.05190126325970548,0.9258898290507117,-0.48733072603283695,1.0577623086289087,1
4130,Dining room and cafeteria attendants and bartender helpers,1,1,False,-0.906668774122674,0.47909823747289076,0.3421944347472072,-0.7900707915201586,1.0264594134623803,1
4140,Dishwashers,1,1,False,-0.906668774122674,0.4871650470493565,-0.6679328046118986,-0.7946699417191393,0.4312063404348972,1
4150,"Hosts and hostesses, restaurant, lounge, and coffee shop",1,1,False,-0.7357850346442962,-0.7594724570812662,1.627789101768185,0.013504969044039465,0.9528831053408333,1
4160,"Food preparation and serving related workers, all other",1,1,False,,,,,,1
4200,First-line supervisors of housekeeping and janitorial workers,1,1,False,-0.4260582568397362,-0.8572233055468859,-0.07848248707780459,0.2458212011524663,-0.30274547604148283,1
4210,"First-line supervisors of landscaping, lawn service, and groundskeeping workers",1,1,False,-0.4100379062636382,0.008998396431814132,0.36507379750648866,-0.23890620903515847,0.4657842310351842,1
4230,Maids and housekeeping cleaners,1,1,False,-0.906668774122674,0.8647880071709861,-0.5057895074624615,-1.009965058793664,0.7518432140282785,1
4240,Pest control workers,1,1,False,-0.906668774122674,1.3510986793994062,-0.07874620965581884,-1.2872265713835902,1.2944020670339333,1
4250,Grounds maintenance workers,1,4,True,-0.9066687741226739,1.4497749789356462,-0.8067989200862252,-1.3434851353604547,0.920534152943139,4
4300,First-line supervisors of gaming workers,1,2,True,-0.20177334877436526,-1.1336520177609888,1.5548019603134484,0.5312943023223644,0.37003457316752586,2
4320,First-line supervisors of personal service workers,1,1,False,-0.4794594254267293,-1.2806807519193046,1.201931193475815,0.4568023068148827,0.238033328754381,1
4340,Animal trainers,1,1,False,-0.906668774122674,0.3191248550758523,0.9101028360907705,-0.6988647692992515,1.2687846928630602,1
4350,Nonfarm animal caretakers,1,1,False,-0.6930640997747017,1.1302444036422217,0.26300910692838425,-1.0395274100380056,1.239333409402047,1
4400,Gaming services workers,1,3,True,-0.020209375578588595,-0.040118153443457906,1.7295397087161777,0.01135064101993998,1.0155705535172388,3
4410,Motion picture projectionists,1,1,False,-0.906668774122674,0.12362117469286878,-0.703357049912676,-0.5874017699546203,0.19420766149595184,1
4420,"Ushers, lobby attendants, and ticket takers",1,1,False,-0.7357850346442962,-0.44151930624038516,1.6084343042970861,-0.1677704513182526,1.1302592217521599,1
4430,Miscellaneous entertainment attendants and related workers,1,4,True,-0.5293005161079228,0.0793377841941928,1.4813745046191953,-0.3470044673061659,1.2415284625759135,4
4465,"Morticians, undertakers, and funeral directors",1,1,False,-0.5542210614485196,-0.7513074811481782,1.1023121928448953,0.11236537044614536,0.5377304673783622,1
4500,Barbers,1,1,False,-0.906668774122674,-0.43385767641815154,1.5776171757040443,-0.2695649666048976,1.2180140982451864,1
4510,"Hairdressers, hairstylists, and cosmetologists",1,1,False,-0.6930640997747017,0.5885796542792604,2.1235562660242184,-0.7307067398338423,2.022787963660493,1
4520,Miscellaneous personal appearance workers,1,4,True,-0.906668774122674,-0.06423680373175725,1.3818300592960497,-0.4802978336757289,1.3212764111209407,4
4530,"Baggage porters, bellhops, and concierges",1,2,True,-0.7357850346442962,1.0227507193149612,1.8552545756944807,-1.0025983613561262,2.1466966812270942,2
4540,Tour and travel guides,1,2,True,-0.05225007673078447,1.0599882677970267,2.187311756160217,-0.6341232125365532,1.9600288352556965,2
4600,Childcare workers,1,1,False,-0.7357850346442962,0.3989174845471893,1.4072971321372298,-0.6469307682864487,1.5100218101780816,1
4610,Personal care aides,1,1,False,-0.5542210614485196,0.7938979459696069,1.6940475287613088,-0.7686064413005823,1.807135503509486,1
4620,Recreation and fitness workers,1,2,True,0.4283604405521533,0.14266223490929242,1.3674503596923266,0.16288582826650572,0.6425922776850073,2
4640,Residential advisors,1,1,False,-0.906668774122674,-0.28355659409641004,1.6276938524526505,-0.3552564963372647,1.3370443216807704,1
4650,"Personal care and service workers, all other",1,1,False,,,,,,1
4700,First-line supervisors of retail sales workers,1,1,False,0.5885639463131325,-1.0855312690223624,0.8810490896590459,0.9544560671402679,-0.47109249036392203,1
4710,First-line supervisors of non-retail sales workers,1,1,False,0.5885639463131325,-1.0855312690223624,0.8810490896590459,0.9544560671402679,-0.47109249036392203,1
4720,Cashiers,1,2,True,1.0478139961612734,0.1808202715834705,1.4636159551921433,0.4943012876540518,0.35441097727682225,2
4740,Counter and rental clerks,1,1,False,0.5138023102913423,-0.5942957503541847,1.7894672231841116,0.6317627021934559,0.4047531224790828,1
4750,Parts salespersons,1,1,False,0.6953662834871187,-0.4458155206756515,1.9293207930631575,0.6506248191354825,0.46817750823420107,1
4760,Retail salespersons,1,1,False,0.5992441800305313,-0.015272905539536717,2.1258129103693966,0.3503561537664175,0.8977537254520079,1
4800,Advertising sales agents,1,1,False,0.6953662834871187,-1.3635323405409552,1.1746732394379353,1.173844991210088,-0.5252556250927479,1
4810,Insurance sales agents,1,1,False,0.6953662834871187,-1.5203522805938285,1.4168984662503394,1.2632531335074435,-0.4745223979485212,1
4820,"Securities, commodities, and financial services sales agents",1,1,False,0.33757845395426506,-1.3587223513883826,0.8533257157856409,0.9671161953770653,-0.5007517487276386,1
4830,Travel agents,1,1,False,1.4002617088354277,-1.2019514945138203,1.6704130091314213,1.4836062830700218,-0.5535164472826049,1
4840,"Sales representatives, services, all other",1,1,False,,,,,,1
4850,"Sales representatives, wholesale and manufacturing",1,2,True,0.6579854654762237,-0.3524414651326524,1.4185329546726893,0.5760772180023758,0.24242686141963182,2
4900,"Models, demonstrators, and product promoters",1,2,True,-0.6396629311877086,0.009463039416155644,1.6551740024877692,-0.3700878034329791,1.3688212800274617,2
4920,Real estate brokers and sales agents,1,2,True,0.3322383370955659,-1.132973937208882,1.3467020770377844,0.8353651166597534,-0.07039850792569118,2
4930,Sales engineers,1,1,False,1.7633896552269805,-0.11551640212290591,1.1732230599612719,1.0712253816846424,-0.41919624834395935,1
4940,Telemarketers,1,1,False,0.5885639463131325,0.3164452956447181,1.7693714012894468,0.15514368282836363,0.8894117304874957,1
4950,"Door-to-door sales workers, news and street vendors, and related workers",1,1,False,0.5885639463131325,0.3164452956447181,1.7693714012894468,0.15514368282836363,0.8894117304874957,1
4965,"Sales and related workers, all other",1,1,False,,,,,,1
5000,First-line supervisors of office and administrative support workers,1,1,False,1.491043695433316,-0.7941359701749878,0.7076542064482962,1.3028551640106758,-0.9370960567196263,1
5010,"Switchboard operators, including answering service",1,1,False,0.8662500229654967,-0.9738363135053357,0.9677172565459673,1.049092997708932,-0.5182126348927607,1
5020,Telephone operators,1,1,False,1.3148198390962387,-0.6078988106098729,1.5347187117900463,1.096204363888568,-0.23048326080405,1
5030,"Communications equipment operators, all other",1,1,False,,,,,,1
5100,Bill and account collectors,1,1,False,0.5885639463131325,-0.4190044326258103,1.3478679833901959,0.574447464832061,0.20214787379997065,1
5110,Billing and posting clerks,1,1,False,1.3219399949078376,-0.6530990255532902,-0.053305701827043084,1.1260339069424534,-1.2048958258565374,1
5120,"Bookkeeping, accounting, and auditing clerks",1,1,False,1.7633896552269805,-1.0419610558169146,-0.4058844009525311,1.5994215753585512,-1.9075671604398705,1
5130,Gaming cage workers,1,1,False,,,,,,1
5140,Payroll and timekeeping clerks,1,1,False,1.0478139961612734,-1.359061391664436,-1.0513551943064332,1.3722378486700681,-2.0542896616507456,1
5150,Procurement clerks,1,1,False,-0.020209375578588595,-1.2909366493528571,-0.11350324964545959,0.7244828997921737,-0.8222732365779217,1
5160,Tellers,1,1,False,1.9342733947053585,-0.5109615550843184,1.5684166487858369,1.3941078810995045,-0.5208556017649412,1
5165,"Financial clerks, all other",1,1,False,,,,,,1
5200,Brokerage clerks,1,1,False,1.4429826437050222,-1.5464587566769428,0.9604036517881929,1.704377657744548,-1.2053075036614251,1
5210,Correspondence clerks,1,1,False,0.8662500229654967,-1.2831597968741337,-0.17301168303012399,1.2254483643008762,-1.3795859963736858,1
5220,"Court, municipal, and license clerks",1,1,False,0.10083327321859568,-1.0257603829441952,0.9765024666856812,0.6423076420481983,-0.08915853686586483,1
5230,"Credit authorizers, checkers, and clerks",1,1,False,0.9623721264220841,-1.4993278446056488,0.5498594867041028,1.4034951245921672,-1.1356889161653116,1
5240,Customer service representatives,1,1,False,0.48176160913914623,-1.6817043810190109,1.413702863766288,1.2334622436300673,-0.4453811284856958,1
5250,"Eligibility interviewers, government programs",1,1,False,0.28417728536727194,-1.3544516280872116,1.6921468804556232,0.9342355762749526,0.031791230721007535,1
5260,File clerks,1,1,False,0.3322383370955659,-0.9653218686897425,-0.8849505439878376,0.7397812260298284,-1.296474935149154,1
5300,"Hotel, motel, and resort desk clerks",1,1,False,0.8662500229654967,-1.3675758364800294,1.874670085676946,1.2735766908307706,-0.21334898742352731,1
5310,"Interviewers, except eligibility and loan",1,1,False,1.870191992400967,-0.9859410316079854,1.5774041949855093,1.628374221700833,-0.7596021581354596,1
5320,"Library assistants, clerical",1,1,False,1.6565873180529942,1.356743484074252,1.6228636442697144,0.1709507105175356,0.7859122906617168,1
5330,Loan interviewers and clerks,1,1,False,2.030395498161946,-1.3276032911153406,0.9400936605741963,1.914504198157614,-1.4363060503862248,1
5340,New accounts clerks,1,1,False,2.2974013410969114,-0.7921560527004178,1.4221415686195948,1.7614570379719858,-0.9904935515386,1
5350,Order clerks,1,1,False,1.2293779693570497,-1.2709131380689629,1.4997315684549597,1.4254971851295628,-0.5943615001828497,1
5360,"Human resources assistants, except payroll and timekeeping",1,1,False,3.00229676644522,-0.896459534041294,0.4384403229831035,2.222807622417676,-2.055528447223282,1
5400,Receptionists and information clerks,1,1,False,1.6672675517703932,-0.7962755492426873,2.011392431345543,1.4045459528729771,-0.2685906633888507,1
5410,Reservation and transportation ticket agents and travel clerks,1,1,False,1.9396135115640578,-1.015424572069576,2.249468612231448,1.6847632092356484,-0.41912881060240054,1
5420,"Information and record clerks, all other",1,1,False,,,,,,1
5500,Cargo and freight agents,1,1,False,0.3322383370955659,0.18699685044670816,0.23657707051104554,0.08280688987256506,0.054255996300063246,1
5510,Couriers and messengers,1,1,False,-0.906668774122674,1.6618378356571812,0.33281246145994914,-1.464389059079276,1.7234680081752654,1
5520,Dispatchers,1,2,True,1.1225756321830633,-0.749260236884306,1.5767763868128526,1.0671944376617124,-0.17527392392492408,2
5530,"Meter readers, utilities",1,1,False,-0.5542210614485196,0.9448384542715956,-1.0386337352898969,-0.8546625285567648,0.27350632013441945,1
5540,Postal service clerks,1,1,False,0.5885639463131325,0.3180884055951236,1.672026779633218,0.15420689246735136,0.8325622459223545,1
5550,Postal service mail carriers,1,1,False,-0.7357850346442962,2.2094185907818362,0.10404825509770092,-1.679156265128048,1.8113444043592837,1
5560,"Postal service mail sorters, processors, and processing machine operators",1,1,False,,,,,,1
5600,"Production, planning, and expediting clerks",1,1,False,0.6953662834871187,-1.0459673131544387,0.014946948320824912,0.9927908526377589,-1.0255239375827272,1
5610,"Shipping, receiving, and traffic clerks",1,1,False,-0.20177334877436526,0.3424011176106054,-0.45339337553649356,-0.3102515414094086,0.05392661130433481,1
5620,Stock clerks and order fillers,1,1,False,0.1319839548943416,0.5219456557153201,-0.012252541724333627,-0.2223298339851778,0.22437023854107638,1
5630,"Weighers, measurers, checkers, and samplers, recordkeeping",1,1,False,-0.20177334877436526,0.322956377972124,-0.10114396485675708,-0.2991654636571392,0.25162227642323276,1
5700,Secretaries and administrative assistants,1,4,True,1.9369434531347083,-0.816410967439563,0.7690371156667737,1.5697768010034827,-1.1787422579534579,4
5800,Computer operators,1,1,False,3.1838607396409966,-0.3499435669528007,-0.3763338516278298,2.0147366348209315,-2.3227359203758966,1
5810,Data entry keyers,1,1,False,2.2974013410969114,-0.8047685720972197,-1.147543730457474,1.7686478450120677,-2.524453646392519,1
5820,Word processors and typists,1,1,False,2.649849053771066,-0.11675734057063002,-0.19578991343717123,1.5773321817536559,-1.759749665110656,1
5830,Desktop publishers,1,1,False,3.365424712836773,-0.33816045713655324,-0.9722165981346448,2.111534220557074,-2.777562399043479,1
5840,Insurance claims and policy processing clerks,1,1,False,1.3148198390962387,-1.2643708353242133,0.8078941192874204,1.4704803914148101,-1.0522017299042918,1
5850,"Mail clerks and mail machine operators, except postal service",1,1,False,-0.6076222300355127,0.5195920939789465,-0.5904636811667666,-0.642661504953532,0.3188455108180157,1
5860,"Office clerks, general",1,1,False,1.8488315249661695,-0.7484269396018882,0.6406751521215998,1.4807814255305691,-1.162267458880376,1
5900,"Office machine operators, except computer",1,1,False,-0.4794594254267293,0.028744181204990737,0.05093514785697345,-0.28974338570999614,0.33214470102401833,1
5910,Proofreaders and copy markers,1,1,False,0.5138023102913423,-1.4323946751894037,-0.8727726593661658,1.1095901258339933,-1.6745500510685742,1
5920,Statistical assistants,1,1,False,2.2974013410969114,-0.9866232836026728,-0.999431684110739,1.8723291237974193,-2.544497772007001,1
5940,"Office and administrative support workers, all other",1,1,False,,,,,,1
6005,"First-line supervisors of farming, fishing, and forestry workers",1,1,False,-0.37265708825274313,0.07238952335473288,-0.0036527619293512206,-0.2537355311202218,0.2622007991008354,1
6010,Agricultural inspectors,1,1,False,-0.052250076730784474,-0.7154497829238485,0.2736541904934089,0.3781116972936085,-0.23140137901123672,1
6020,Animal breeders,1,1,False,-0.906668774122674,-0.13227380692652688,-0.8403886905585727,-0.4415077278953502,-0.03920219326546048,1
6040,"Graders and sorters, agricultural products",1,1,False,-0.906668774122674,0.11265829067034155,-1.1286751494441376,-0.5811514736316842,-0.06495594625203255,1
6050,Miscellaneous agricultural workers,1,4,True,-0.8781881508762778,2.294627958837158,-0.7924682317704619,-1.8089255366693617,1.4139959498523957,4
6100,Fishers and related fishing workers,1,1,False,-0.906668774122674,2.3705518015698437,-0.05227116846394817,-1.8684499144212592,1.9157138511370677,1
6110,Hunters and trappers,1,1,False,-0.906668774122674,0.7905920423674023,-1.0741095148900381,-0.9676635289192629,0.37017001790895876,1
6120,Forest and conservation workers,1,1,False,-0.906668774122674,1.5617018069675335,-0.7876268323911183,-1.4072982560911003,0.998410726189317,1
6130,Logging workers,1,4,True,-0.9066687741226739,1.6183531672604723,-0.9711581407311191,-1.4395970369776514,0.9230403425918293,4
6200,First-line supervisors of construction trades and extraction workers,1,1,False,-0.372657088252743,-0.1603275537760777,0.015366442571302787,-0.12105596537034982,0.1352580403591009,1
6210,Boilermakers,1,1,False,-0.906668774122674,1.098537091448774,-1.0152773853479096,-1.1432330053439477,0.5880463417344053,1
6220,"Brickmasons, blockmasons, and stonemasons",1,2,True,-0.906668774122674,1.3692974503382287,-0.9629280544479171,-1.297602281903481,0.779982905693771,2
6230,Carpenters,1,1,False,-0.9066687741226739,0.8572096238570771,-0.9359723273250508,-1.0056443762740466,0.4918003127238711,1
6240,"Carpet, floor, and tile installers and finishers",1,4,True,-0.8639478392530795,0.9972690526260951,-0.9709655171717837,-1.061140213797232,0.5288352386856187,4
6250,"Cement masons, concrete finishers, and terrazzo workers",1,2,True,-0.7357850346442962,1.4903863837102398,-0.7200312153893526,-1.2692126453016161,0.8946911359624617,2
6260,Construction laborers,1,1,False,-0.6930640997747017,1.6961576246323653,-0.6198075335796204,-1.3621729216558665,1.051083550696577,1
6300,"Paving, surfacing, and tamping equipment operators",1,1,False,-0.6930640997747017,2.2930793171602533,-1.0186945252566662,-1.7024973702426833,1.1687219293252111,1
6310,Pile-driver operators,1,1,False,-0.906668774122674,1.062538858171753,-1.0980968040268035,-1.1227092431093737,0.5174651967709125,1
6320,Operating engineers and other construction equipment operators,1,1,False,-0.906668774122674,1.449202072828055,-0.7776887593378576,-1.343158502977014,0.937486113140165,1
6330,"Drywall installers, ceiling tile installers, and tapers",1,2,True,-0.8639478392530795,0.7598288033532428,-1.011930218408237,-0.9257678141715902,0.3634545915597004,2
6355,Electricians,1,1,False,-0.6930640997747017,1.0700657476265556,-0.6135847557067572,-1.0052176032717346,0.6828632566233939,1
6360,Glaziers,1,1,False,-0.906668774122674,2.3694090294787418,-0.7894504238664943,-1.8677983829278775,1.4771290685358756,1
6400,Insulation workers,1,2,True,-0.906668774122674,0.7528209125561319,-0.9441356449366112,-0.9461289807759633,0.42494113028895586,2
6420,"Painters, construction and maintenance",1,1,False,-0.906668774122674,1.2434757553287776,-0.6428200147145516,-1.2258672461184486,0.8953946516393453,1
6430,Paperhangers,1,1,False,-0.906668774122674,1.3276627655920032,-1.0589973869631237,-1.2738649955798094,0.6981827098104977,1
6440,"Pipelayers, plumbers, pipefitters, and steamfitters",1,2,True,-0.906668774122674,1.0216269282051604,-0.998008480854323,-1.0993840227650777,0.5526176974181323,2
6460,Plasterers and stucco masons,1,1,False,-0.906668774122674,1.0180663814253303,-0.6295609441779072,-1.0973540393775054,0.7693711941017649,1
6500,Reinforcing iron and rebar workers,1,1,False,-0.906668774122674,1.0220726387628543,-1.0759139742502732,-1.099638136833431,0.5066043309582721,1
6515,Roofers,1,1,False,-0.906668774122674,0.7804092061666404,-0.9660431726669623,-0.9618579632002515,0.428315670632842,1
6520,Sheet metal workers,1,1,False,0.6953662834871187,0.9454334516356824,-1.1164877687703316,-0.14257141627643335,-0.5146790649804381,1
6530,Structural iron and steel workers,1,1,False,-0.906668774122674,2.118727805956081,-0.5527294767954427,-1.7248768737343874,1.4688362578318983,1
6540,Solar photovoltaic installers,1,1,False,-0.806986592760287,0.7780884497734989,-0.7421788868676645,-0.9037027747049634,0.5007048596980761,5
6600,"Helpers, construction trades",1,7,True,-0.8724920262269984,1.2914414044149163,-0.2396311099870144,-1.2337287466351907,1.1430916098066155,7
6660,Construction and building inspectors,1,1,False,-0.20177334877436526,-0.20347400752733097,-0.015001509072371556,0.000969600802889798,-0.009921574017656115,1
6700,Elevator installers and repairers,1,1,False,-0.5542210614485196,0.8736905754409436,-0.9747630104340798,-0.8140988115160543,0.269183478779079,1
6710,Fence erectors,1,1,False,-0.906668774122674,1.4051547677125347,-0.6607712319901922,-1.3180457034041042,0.9807731469623556,1
6720,Hazardous materials removal workers,1,1,False,-0.6930640997747017,1.8119343498103022,-0.8524010909766444,-1.4281809938177406,0.9816909509161119,1
6730,Highway maintenance workers,1,1,False,-0.906668774122674,2.46363920243267,-0.842847003335231,-1.9215220657027126,1.5013854120481005,1
6740,Rail-track laying and maintenance equipment operators,1,1,False,-0.906668774122674,1.694886537755118,-1.1294454063719837,-1.483231197769796,0.8744761483861871,1
6750,Septic tank servicers and sewer pipe cleaners,1,1,False,-0.906668774122674,1.5805143106403778,-0.7400236611798953,-1.418023875580459,1.037863570944908,1
6765,Miscellaneous construction and related workers,1,2,True,,,,,,2
6800,"Derrick, rotary drill, and service unit operators, oil, gas, and mining",1,3,True,-0.9066687741226739,1.4194928838367185,-0.5460753334026412,-1.326220329196429,1.0574231088802153,3
6820,"Earth drillers, except oil and gas",1,1,False,-0.8212269043834851,2.1347910604733595,-0.9401102923352264,-1.6853218713535512,1.1975078561564045,1
6830,"Explosives workers, ordnance handling experts, and blasters",1,1,False,-0.6930640997747017,1.7167162303250805,-0.7911740586793133,-1.373894050630854,0.9614992553828138,1
6840,Mining machine operators,1,3,True,-0.906668774122674,1.5233316488533157,-0.7119664634443401,-1.3854221824521784,1.020562197230579,3
6910,"Roof bolters, mining",1,1,False,-0.906668774122674,0.7088038258116045,-1.147543730457474,-0.9210334096780348,0.2779633735010992,1
6920,"Roustabouts, oil and gas",1,1,False,-0.906668774122674,1.1631032116619564,-1.0152773853479096,-1.1800442479809619,0.6264004971606358,1
6930,Helpers--extraction workers,1,1,False,-0.6930640997747017,1.6218392368372023,-0.05957301425840662,-1.3198015944569166,1.3397318816033759,1
7000,"First-line supervisors of mechanics, installers, and repairers",1,1,False,-0.4794594254267293,-0.3460505488200222,0.19197225315508978,-0.07606073449180789,0.19328586544214355,1
7010,"Computer, automated teller, and office machine repairers",1,1,False,0.8698101008712961,0.23399791730764438,-0.602347981469831,0.3624971809279158,-0.7355031904575507,1
7020,Radio and telecommunications equipment installers and repairers,1,2,True,-0.5916018794594148,0.14643950353863755,-0.5306610497050033,-0.42078136855669535,0.12318995642301502,2
7030,Avionics technicians,1,1,False,-0.4794594254267293,0.22826578203108835,-1.0764802558523014,-0.40349713202593895,-0.21905123606051155,1
7040,"Electric motor, power tool, and related repairers",1,1,False,-0.8425873718182824,0.7412499670166862,-0.7817033494691575,-0.9029971196180626,0.47649094601346903,1
7050,"Electrical and electronics installers and repairers, transportation equipment",1,1,False,-0.6930640997747017,0.31842953159246723,-0.5883720835464703,-0.5766853787576598,0.25134651974936156,1
7110,"Electronic equipment installers and repairers, motor vehicles",1,1,False,-0.6930640997747017,0.31842953159246723,-0.5883720835464703,-0.5766853787576598,0.25134651974936156,1
7120,Electronic home entertainment equipment installers and repairers,1,1,False,-0.5542210614485196,1.290248859426006,0.15998362484776862,-1.0515922215831774,1.1907037713193025,1
7130,Security and fire alarm systems installers,1,1,False,,,,,,1
7140,Aircraft mechanics and service technicians,1,1,False,-0.636102853281909,0.869319818151947,-0.9894135105719041,-0.8582903703434823,0.3065244665733742,1
7150,Automotive body and related repairers,1,1,False,-0.7357850346442962,1.9614431743642124,-0.2088349678816,-1.5377774244663456,1.478178041620612,1
7160,Automotive glass installers and repairers,1,1,False,-0.7357850346442962,1.1800353509068295,-0.6008672171151791,-1.0922714393958934,0.781120470517439,1
7200,Automotive service technicians and mechanics,1,1,False,0.24679646735637686,2.1384768968356056,-0.0760340993953587,-1.0785084662255144,1.0785467875903736,1
7210,Bus and truck mechanics and diesel engine specialists,1,1,False,-0.3726570882527431,1.1157421314915223,-0.9154512353229037,-0.8485847475091548,0.34034778569761115,1
7220,Heavy vehicle and mobile equipment service technicians and mechanics,1,3,True,-0.7571455020790933,1.3164339517850316,-0.8709832275616544,-1.1822150092229908,0.7143771753097538,3
7240,Small engine mechanics,1,3,True,-0.8497075276298814,0.6788596650575746,-0.7823959961590422,-0.8714858137861236,0.4432474175579178,3
7260,"Miscellaneous vehicle and mobile equipment mechanics, installers, and repairers",1,3,True,-0.8497075276298814,0.6957888061617327,-0.2421399536652006,-0.88113766709191,0.7742316405892917,3
7300,Control and valve installers and repairers,1,2,True,-0.8710679950646786,0.8224171447936665,-0.7972820224962975,-0.9655108930143848,0.5323707471237888,2
7315,"Heating, air conditioning, and refrigeration mechanics and installers",1,1,False,-0.8212269043834851,0.48379039552730063,-0.6469087322292741,-0.7440327576429043,0.39093565183799245,1
7320,Home appliance repairers,1,1,False,-0.906668774122674,0.6396786815161222,0.09865111873888677,-0.8816229193066449,0.9771770518236549,1
7340,"Maintenance and repair workers, general",1,1,False,-0.5542210614485196,1.5751905467704996,-0.9322034498955455,-1.2140467341914312,0.7111765060418589,1
7350,"Maintenance workers, machinery",1,1,False,-0.4794594254267293,1.426348627942916,-0.6991635056184103,-1.0865630835572904,0.7167819961282975,1
7360,Millwrights,1,1,False,0.16135459761718784,1.6558359912351959,-0.6975972943973396,-0.8520523924208763,0.47337235840231,1
7410,Electrical power-line installers and repairers,1,1,False,-0.906668774122674,2.280986732535322,-1.028160669917364,-1.8173859589420576,1.282802812636434,1
7420,Telecommunications line installers and repairers,1,1,False,-0.7357850346442962,0.7943626375086015,-0.3665218556054812,-0.8723868964730357,0.691227617184933,1
7430,Precision instrument and equipment repairers,1,5,True,-0.6877239829160025,-0.006045211888455693,-0.20265489464955921,-0.38864721246907946,0.2845541306619452,5
7440,Wind turbine service technicians,1,1,False,,,,,,1
7510,"Coin, vending, and amusement machine servicers and repairers",1,1,False,-0.906668774122674,0.404562289222035,-0.483845829677831,-0.7475754260377208,0.4914909203875078,1
7520,Commercial divers,1,1,False,-0.6930640997747017,0.8405590532547448,-0.746085182994906,-0.8743683810256853,0.4678204855275761,1
7540,Locksmiths and safe repairers,1,1,False,-0.906668774122674,0.09640423197757504,-0.5526097224045332,-0.5718845067394481,0.26758830698872005,1
7550,Manufactured building and mobile home installers,1,1,False,-0.906668774122674,0.47538193723310884,-0.5238244645276002,-0.7879520080252401,0.5098113802259726,1
7560,Riggers,1,1,False,-0.7357850346442962,2.050428329203249,-0.7144417748066269,-1.5885107520235322,1.230692649199951,1
7600,Signal and track switch repairers,1,1,False,-0.7357850346442962,0.6413571640521325,-0.9587253021365857,-0.7851535054995541,0.24855181991159392,1
7610,"Helpers--installation, maintenance, and repair workers",1,1,False,-0.6930640997747017,1.3199983906179773,-0.26920285076092165,-1.1477123223858794,1.0359034031955208,1
7700,First-line supervisors of production and operating workers,1,1,False,0.5885639463131325,-0.4399041643158688,0.13340780190736704,0.5863630808199978,-0.5316918855153767,1
7710,"Aircraft structure, surfaces, rigging, and systems assemblers",1,1,False,-0.8354672160066832,0.46847503019653636,-1.1459749977119404,-0.7434198345998846,0.09383714525333216,1
7720,"Electrical, electronics, and electromechanical assemblers",1,3,True,-0.23025397202076156,0.24637838190942704,-0.6943008085491537,-0.2717435889169825,-0.12930140005746685,3
7730,Engine and other machine assemblers,1,1,False,-0.7357850346442962,1.259653245936914,-0.9034346333088218,-1.1376641878299616,0.6486819631597535,1
7740,Structural metal fabricators and fitters,1,1,False,-0.8212269043834851,1.0633057873168066,-0.9878908993072347,-1.0744333087153928,0.5326313328654346,1
7750,Miscellaneous assemblers and fabricators,1,4,True,-0.906668774122674,-0.2655275273469053,-0.983167057484307,-0.36553545298579265,-0.20317329058002565,4
7800,Bakers,1,1,False,-0.906668774122674,-0.20292554377501518,-0.9324931265741594,-0.40122687751640496,-0.13588409903889545,1
7810,"Butchers and other meat, poultry, and fish processing workers",1,3,True,-0.8497075276298814,0.6894021789371262,-0.609699406259329,-0.8774964434343492,0.5520967807116638,3
7830,"Food and tobacco roasting, baking, and drying machine operators and tenders",1,1,False,-0.7357850346442962,0.6402314482608981,-1.072818970128462,-0.7845116983568201,0.1801081510161895,1
7840,Food batchmakers,1,1,False,-0.906668774122674,0.32628455475754126,-0.7176458438245474,-0.7029467466787285,0.30610765071322665,1
7850,Food cooking machine operators and tenders,1,1,False,-0.6930640997747017,0.3988256673035048,-0.9954720003600895,-0.6225218274859685,0.05727496089817199,1
7855,"Food processing workers, all other",1,1,False,,,,,,1
7900,Computer control programmers and operators,1,2,True,1.3895814751180289,0.21632381192257152,-1.0470797891953127,0.6689123083905957,-1.3189450979321726,2
7920,"Extruding and drawing machine setters, operators, and tenders, metal and plastic",1,1,False,-0.906668774122674,0.4913460388281331,-1.1083114977709105,-0.797053660956469,0.17209220472311126,1
7930,"Forging machine setters, operators, and tenders, metal and plastic",1,1,False,-0.20177334877436526,0.4921988538214925,-0.9046510743612955,-0.39565609717220956,-0.12514938432160463,1
7940,"Rolling machine setters, operators, and tenders, metal and plastic",1,1,False,-0.6930640997747017,0.6646036720611423,-0.8757804522022131,-0.7740505020975407,0.286255099332798,1
7950,"Cutting, punching, and press machine setters, operators, and tenders, metal and plastic",1,1,False,-0.906668774122674,0.7491471597503125,-1.1504337806421756,-0.9440344549553484,0.300211714606015,1
7960,"Drilling and boring machine tool setters, operators, and tenders, metal and plastic",1,1,False,-0.7357850346442962,0.7975160798527663,-1.0299938244310938,-0.8741847763965871,0.29897918547076935,1
8000,"Grinding, lapping, polishing, and buffing machine tool setters, operators, and tenders, metal and plastic",1,1,False,-0.6930640997747017,0.3988256673035048,-1.0980054305641944,-0.6225218274859685,-0.0036328821849854415,1
8010,"Lathe and turning machine tool setters, operators, and tenders, metal and plastic",1,1,False,-0.6930640997747017,0.7753260273152363,-0.9714012456142406,-0.8371769137689051,0.29522586679035995,1
8020,"Milling and planing machine setters, operators, and tenders, metal and plastic",1,1,False,-0.6930640997747017,0.4940437867887265,-1.0328870819136395,-0.676808770672855,0.09161164852350333,1
8030,Machinists,1,1,False,1.4963838122920152,0.8015223371902906,-0.7928049601207757,0.39616310031682783,-0.8837171800089135,1
8040,"Metal furnace operators, tenders, pourers, and casters",1,2,True,-0.7998664369486879,1.169223745991458,-0.8988279207244072,-1.122642281417023,0.6357669473760726,2
8060,"Model makers and patternmakers, metal and plastic",1,2,True,-0.7357850346442962,0.5012327144821747,-1.0749540895733565,-0.7052640046984099,0.09627053270230075,2
8100,"Molders and molding machine setters, operators, and tenders, metal and plastic",1,2,True,-0.7400571281312557,0.8515384953775951,-1.021142374330511,-0.9074203697472998,0.33886584032220013,2
8120,"Multiple machine tool setters, operators, and tenders, metal and plastic",1,1,False,-0.7998664369486879,0.5335396056126469,-1.0882621063385587,-0.7602181020684124,0.1456226361541024,1
8130,Tool and die makers,1,1,False,-0.906668774122674,0.7641939094755192,-1.1670637291861996,-0.9526130957843807,0.2992712484084635,1
8140,"Welding, soldering, and brazing workers",1,2,True,-0.5515510030191699,0.580740224616966,-1.0618961535650557,-0.6455560126372092,0.04181672374379373,2
8150,"Heat treating equipment setters, operators, and tenders, metal and plastic",1,1,False,-0.7642656578906925,0.49247270547989325,-0.8706086194538764,-0.7165073675254495,0.22937231111260706,1
8160,"Layout workers, metal and plastic",1,1,False,-0.7357850346442962,0.020229736389397717,-1.0453769195714384,-0.431028580961664,-0.1718895418036708,1
8200,"Plating and coating machine setters, operators, and tenders, metal and plastic",1,1,False,-0.8532676055356809,0.557597186275515,-1.1128829801471054,-0.8043798513508813,0.17700987268584345,1
8210,"Tool grinders, filers, and sharpeners",1,1,False,-0.906668774122674,0.5590060896007174,-0.93800863318355,-0.8356288539152339,0.3134491053895824,1
8220,"Metal workers and plastic workers, all other",1,1,False,,,,,,1
8250,Prepress technicians and workers,1,1,False,0.08084206651679816,-0.10287641866542185,-0.9782690777391672,0.10474387670527346,-0.6902544468288259,1
8255,Printing press operators,1,1,False,-0.5838883773301825,0.25669121746618634,-0.9673246648612914,-0.4792417341727598,-0.07529026214875474,2
8256,Print binding and finishing workers,1,1,False,-0.7785059695138906,0.37777725715655125,-1.0645039586007694,-0.6592346306939053,0.0545195576383913,3
8300,Laundry and dry-cleaning workers,1,1,False,-0.8354672160066832,-0.0034849631301270834,-0.7658865038472449,-0.4743401102498934,0.039262799482347545,1
8310,"Pressers, textile, garment, and related materials",1,1,False,-0.8497075276298814,0.5941497576916918,-0.9474861143594858,-0.8231899436996338,0.29485892875894054,1
8320,Sewing machine operators,1,1,False,-0.7998664369486879,0.14334487670784452,-1.0781281671071112,-0.5377554112024658,-0.08014453942371111,1
8330,Shoe and leather workers and repairers,1,1,False,-0.7357850346442962,0.1808202715834705,-0.6919383668294041,-0.5225864620410674,0.13345870379649982,1
8340,Shoe machine operators and tenders,1,1,False,-0.906668774122674,0.21378492425424786,-1.0389745349012942,-0.6388070526509977,0.04840099559374526,1
8350,"Tailors, dressmakers, and sewers",1,2,True,-0.8639478392530795,0.07320399880026443,-0.4353808854277083,-0.5343007073121661,0.298066556296535,2
8360,Textile bleaching and dyeing machine operators and tenders,1,1,False,-0.15905241390477076,-0.05906294639313874,-0.8203272002345532,-0.057007243699383196,-0.42790158784533316,1
8400,"Textile cutting machine setters, operators, and tenders",1,1,False,-0.7357850346442962,0.5686633065074121,-0.9082301433389061,-0.7437083757710853,0.23536514647987924,1
8410,"Textile knitting and weaving machine setters, operators, and tenders",1,1,False,-0.7357850346442962,0.5686633065074121,-0.9082301433389061,-0.7437083757710853,0.23536514647987924,1
8420,"Textile winding, twisting, and drawing out machine setters, operators, and tenders",1,1,False,-0.7357850346442962,0.5686633065074121,-0.9082301433389061,-0.7437083757710853,0.23536514647987924,1
8430,"Extruding and forming machine setters, operators, and tenders, synthetic and glass fibers",1,1,False,-0.906668774122674,0.3422263831693528,-0.8702024445906837,-0.7120357009446382,0.22495449802112671,1
8440,Fabric and apparel patternmakers,1,1,False,-0.906668774122674,-0.11675734057063002,-0.9918276826596775,-0.45035416943481527,-0.1199441313150871,1
8450,Upholsterers,1,1,False,-0.3726570882527431,0.9543360199056399,-1.0106420532718319,-0.7565618798338586,0.18792173803086126,1
8460,"Textile, apparel, and furnishings workers, all other",1,1,False,,,,,,1
8500,Cabinetmakers and bench carpenters,1,1,False,-0.906668774122674,0.2541535551084381,-1.1018512278139867,-0.6618225205216266,0.03503055134706152,1
8510,Furniture finishers,1,1,False,-0.906668774122674,0.5712538909559598,-0.8134129706207484,-0.8426117233515444,0.3947381075295135,1
8520,"Model makers and patternmakers, wood",1,2,True,-0.7357850346442962,-0.05779281816782928,-1.144639689893765,-0.38654538795761256,-0.2772021869303931,2
8530,"Sawing machine setters, operators, and tenders, wood",1,1,False,-0.906668774122674,0.740132870515465,-0.8758550987681275,-0.9388951158231753,0.45796469646904536,1
8540,"Woodworking machine setters, operators, and tenders, except sawing",1,1,False,-0.8212269043834851,0.7647414644971893,-1.0586761940885874,-0.9042120890760419,0.31322690538375775,1
8550,"Woodworkers, all other",1,1,False,,,,,,1
8600,"Power plant operators, distributors, and dispatchers",1,3,True,0.06701253311350006,-0.1271010669992546,-0.8417447413806333,0.11067046942424301,-0.615330016702525,3
8610,Stationary engineers and boiler operators,1,1,False,-0.8212269043834851,0.07234016033141036,-1.1514805617543002,-0.5094516121312336,-0.1532081270999512,1
8620,Water and wastewater treatment plant and system operators,1,1,False,-0.2658547510787568,-0.33662406096702413,-0.6089569791019912,0.040347882588416546,-0.40377720775460973,1
8630,Miscellaneous plant and system operators,1,4,True,-0.30204887645438555,-0.17781251845316412,-1.045403929266087,-0.07083118365517384,-0.5472003596505789,4
8640,"Chemical processing machine setters, operators, and tenders",1,2,True,-0.5862617626007155,0.06412557781630927,-0.8660228733019376,-0.3708069513404877,-0.1280937853533502,2
8650,"Crushing, grinding, polishing, mixing, and blending workers",1,3,True,-0.6930640997747016,0.8686319394942811,-1.0518193157068776,-0.8903736454503223,0.30288162025454096,3
8710,Cutting workers,1,2,True,-0.7464652683616948,0.8098388811314912,-1.0608290608034083,-0.8872995539274995,0.2943266297972965,2
8720,"Extruding, forming, pressing, and compacting machine setters, operators, and tenders",1,1,False,-0.6930640997747017,0.44407810508286616,-1.0507159666511496,-0.648321712340632,0.05133970203147823,1
8730,"Furnace, kiln, oven, drier, and kettle operators and tenders",1,1,False,-0.4794594254267293,1.0559260158470585,-0.940345283927098,-0.8753731188037122,0.35347117968943714,1
8740,"Inspectors, testers, sorters, samplers, and weighers",1,1,False,0.9281953785264087,0.3245968244605878,-0.5735359568471272,0.34413114425499475,-0.6992521749807297,1
8750,Jewelers and precious stone and metal workers,1,1,False,-0.7642656578906925,0.25326599529437205,-1.0260494456371836,-0.5801278511480136,-0.005059816735437786,1
8760,"Medical, dental, and ophthalmic laboratory technicians",1,3,True,-0.5150602044847247,0.18261324411035376,-0.40551399083891787,-0.39776629775553,0.17355122493073685,3
8800,Packaging and filling machine operators and tenders,1,1,False,-0.20177334877436526,0.87798678987621,-1.1192505562229396,-0.6156063322746703,-0.023458457909756283,1
8810,Painting workers,1,3,True,-0.7642656578906925,0.7623142316875788,-1.026711769478585,-0.8703527877237868,0.2969362183699354,3
8830,Photographic process workers and processing machine operators,1,1,False,-0.0629303104481832,-0.19292520330515228,-1.0348740185000094,0.07411431144895671,-0.6919660516979261,2
8840,Semiconductor processors,1,1,False,-0.20177334877436526,0.18912274335626114,-1.1670637291861996,-0.22286256082556707,-0.4610661766596527,1
8850,Adhesive bonding machine operators and tenders,1,1,False,-0.906668774122674,1.4462249816409438,-0.9805311492410218,-1.3414611665770655,0.8152233483740886,1
8860,"Cleaning, washing, and metal pickling equipment operators and tenders",1,1,False,-0.4794594254267293,0.2090716803277486,-1.1363940103062566,-0.39255395110275076,-0.2660436060600536,1
8900,Cooling and freezing equipment operators and tenders,1,1,False,-0.906668774122674,0.784705420601907,-1.0235335544741702,-0.9643073746171845,0.39671678631989216,1
8910,Etchers and engravers,1,1,False,-0.8408073328653826,0.03511930211743383,-0.9985348598013313,-0.49939423007165323,-0.07283285561679798,1
8920,"Molders, shapers, and casters, except metal and plastic",1,1,False,-0.8151239136878287,0.649392723450605,-1.0537884094632572,-0.8349685113128482,0.2439845267174286,1
8930,"Paper goods machine setters, operators, and tenders",1,1,False,-0.821226904383485,0.45077235152551265,-1.1128358073196192,-0.7252080981289618,0.09454772294224836,1
8940,Tire builders,1,1,False,-0.906668774122674,0.8647880071709861,-1.1294454063719837,-1.009965058793664,0.38137345062475214,1
8950,Helpers--production workers,1,1,False,-0.906668774122674,1.0397395280834991,-0.4858123573775779,-1.1097106043640221,0.8676365204833915,1
8965,"Production workers, all other",1,1,False,,,,,,1
9000,Supervisors of transportation and material moving workers,1,3,True,0.16135459761718796,0.31576304365003083,0.5105820292056361,-0.08803327121642411,0.39502370531243647,3
9030,Aircraft pilots and flight engineers,1,2,True,0.16135459761718784,1.6991827521903846,0.033000103252465655,-0.8767657890100109,0.9331177241196478,2
9040,Air traffic controllers and airfield operations specialists,1,2,True,0.3322383370955659,-1.0459673131544387,0.6483601327092839,0.7857598137776749,-0.4335494888723269,2
9050,Flight attendants,1,1,False,-0.906668774122674,0.2541535551084381,2.2834233494061658,-0.6618225205216266,2.04598222176599,1
9110,"Ambulance drivers and attendants, except emergency medical technicians",1,1,False,-0.906668774122674,2.0583105380532047,2.0904339697551584,-1.690431026579641,3.003062691684323,1
9120,Bus drivers,1,2,True,-0.906668774122674,0.9201933283068374,1.0003991559767171,-1.0415534322777673,1.679475510955869,2
9130,Driver/sales workers and truck drivers,1,3,True,-0.7357850346442962,1.672467853820919,0.400589171184661,-1.3730232065343173,1.6685339705691271,3
9140,Taxi drivers and chauffeurs,1,1,False,-0.906668774122674,1.1683540010878712,1.4960668522492273,-1.1830378936105124,2.121331220775869,1
9150,"Motor vehicle operators, all other",1,1,False,,,,,,1
9200,Locomotive engineers and operators,1,3,True,-0.8354672160066832,1.3039120439602805,-0.5136625963555935,-1.2197296162633806,0.965723035382771,3
9230,"Railroad brake, signal, and switch operators",1,1,False,-0.906668774122674,0.8531949780643518,-0.02345313386724457,-1.0033554962873024,1.03147846763753,1
9240,Railroad conductors and yardmasters,1,1,False,0.16135459761718784,0.22020379816746535,1.340851589702661,-0.033551841016587786,0.8314630255360798,1
9300,Sailors and marine oilers,1,1,False,-0.906668774122674,2.325711655724338,-0.376224427089945,-1.8428850905918566,1.6966398304499646,1
9310,Ship and boat captains and operators,1,2,True,-0.5684613730717177,1.5216610234517245,0.256210483727621,-1.1916466782492803,1.3937900507834897,2
9330,Ship engineers,1,1,False,-0.7357850346442962,0.6501615659654676,-0.7962332071682517,-0.7901731810513059,0.35030692682642706,1
9340,Bridge and lock tenders,1,1,False,-0.906668774122674,0.7306322759889113,0.14446569629715436,-0.933478518246023,1.0584213283903856,1
9350,Parking lot attendants,1,1,False,-0.906668774122674,1.1397409031945425,0.6246571079652681,-1.1667246369726616,1.5866914458900676,1
9360,Automotive and watercraft service attendants,1,1,False,-0.6930640997747017,1.2463622548175017,1.5652715494107454,-1.105729969212829,2.0818926038654726,1
9410,Transportation inspectors,1,1,False,-0.3922375167346405,0.17109148482503586,-0.3885695374737674,-0.32117216416925903,0.10381221026793575,1
9415,"Transportation attendants, except flight attendants",1,1,False,-0.6930640997747017,0.29957655588647125,2.526820752248864,-0.5659366848474214,2.0906625550661735,1
9500,Conveyor operators and tenders,1,1,False,-0.906668774122674,1.435012788864757,-0.8572647637186216,-1.3350687312345912,0.8817868016303614,1
9510,Crane and tower operators,1,1,False,-0.906668774122674,1.2514166247413447,-0.8020603838984842,-1.2303945937386822,0.8055183432754257,1
9520,"Dredge, excavating, and loading machine operators",1,3,True,-0.9066687741226739,1.6934507562551202,-0.7590594909204208,-1.4824126120936605,1.093643270948056,3
9560,Hoist and winch operators,1,1,False,-0.906668774122674,1.8941712470459926,-0.9199242702302882,-1.5968498845258186,1.1173187240760782,1
9600,Industrial truck and tractor operators,1,1,False,-0.906668774122674,2.145705285562013,-1.0262763124302892,-1.7402576112516825,1.2035610572596378,1
9610,Cleaners of vehicles and equipment,1,1,False,-0.906668774122674,1.3376099395964403,-0.8388590514505504,-1.2795362026249428,0.8348602020339985,1
9620,"Laborers and freight, stock, and material movers, hand",1,1,False,-0.7642656578906925,1.5292414223385273,-0.9046998305840496,-1.3076028936115476,0.8249919452197655,1
9630,Machine feeders and offbearers,1,1,False,-0.6930640997747017,0.6743712859114843,-1.010839958265828,-0.7796193360656097,0.2118280671411802,1
9640,"Packers and packagers, hand",1,1,False,-0.906668774122674,1.1342753955740335,-1.0360784828016807,-1.1636085735250095,0.5969194774349925,1
9650,Pumping station operators,1,3,True,-0.7785059695138906,-0.22859826934701344,-1.0674477001798188,-0.3135202442390607,-0.3074338296036408,3
9720,Refuse and recyclable material collectors,1,1,False,-0.906668774122674,2.5958459528168008,-0.905906707854257,-1.996897428982599,1.542460770697782,1
9730,Mine shuttle car operators,1,1,False,-0.906668774122674,1.4694771638516708,-1.0035652004798248,-1.3547179910288525,0.8153529245228927,1
9740,"Tank car, truck, and ship loaders",1,1,False,-0.052250076730784474,0.30497205180765785,-0.802580936413329,-0.20366394024484966,-0.2645560997203399,1
9750,"Material moving workers, all other",1,1,False,,,,,,1
9800,Military officer special and tactical operations leaders,1,8,True,,,,,,8
9810,First-line enlisted military supervisors,1,3,True,,,,,,3
9820,Military enlisted tactical operations and air/weapons specialists and crew members,1,9,True,,,,,,9
