soc2010,computer_mediated,physical_dependence,relational_public,remote_feasibility_proxy,partial_market_shelter_proxy,n_soc2000_sources,n_scored_soc2000
11-1011,1.4002617088354277,-1.4498556134450526,0.8675090073188609,1.624944474718553,-1.1777270681636784,1,1
11-1021,,,,,,1,0
11-1031,,,,,,1,0
11-2011,1.0478139961612734,-1.1336520177609888,0.9847816736889186,1.2437246419291246,-0.7108653428439218,1,1
11-2021,0.6953662834871187,-1.6846761723275507,1.1481891279209333,1.3569395224324132,-0.7317567455556877,1,1
11-2022,1.5818256820312042,-1.4516646803866324,1.192788008525803,1.7294914019815766,-1.0934307953072482,1,1
11-2031,,,,,,1,0
11-3011,1.4002617088354277,-1.053744165633162,-0.25720180957213973,1.399108470192366,-1.6105363085647801,1,1
11-3021,2.4682850805752894,-1.4482212809447257,0.19519377700973994,2.2329275088436935,-2.2105680314171035,1,1
11-3031,1.6726076686290923,-1.3655540885104922,0.32165894094335656,1.7321547158679886,-1.6136817712474358,1,1
11-3051,0.9623721264220841,-1.025418279685784,0.39470248574898087,1.1333038861428524,-0.9463406118154837,1,1
11-3061,1.2293779693570497,-1.180749388507584,0.6460835995642177,1.3740919024331852,-1.0478933574006544,1,1
11-3071,0.3749592719651604,-0.9003199629744335,0.48593916720852504,0.7270781207281352,-0.46889098403232893,1,1
11-3111,1.0478139961612734,-1.447483688607856,0.37724882429854606,1.4226502726558878,-1.2581826959188003,1,1
11-3121,,,,,,1,0
11-3131,-0.20177334877436526,-1.7575447643135236,0.5268427802281775,0.8869958249938429,-0.6112135694527816,1,1
11-9013,-0.3477365429121463,0.5304499614052743,0.10203538605033544,-0.5006826549937237,0.5822803447260959,2,2
11-9021,-0.20177334877436526,-0.9933590371987566,-0.23106384492676063,0.45130871652760457,-0.6074836000553755,1,1
11-9031,1.4963838122920152,-0.8595412192233829,1.0182712617829932,1.3431893953575786,-0.7946052886777765,1,1
11-9032,1.4963838122920152,-0.8595412192233829,1.0182712617829932,1.3431893953575786,-0.7946052886777765,1,1
11-9033,1.4002617088354277,-1.2949429066903815,1.197298553674039,1.5366237080831346,-0.8897998163815014,1,1
11-9039,,,,,,1,0
11-9041,2.115837367901135,-0.5945857074519268,0.2757855452023716,1.54530024641954,-1.4462455840558397,1,1
11-9051,0.6953662834871187,-0.13631730286560098,1.236487777493603,0.4741698307621341,0.2404654765214938,1,1
11-9061,-0.5542210614485196,-0.7513074811481782,1.1023121928448953,0.11236537044614536,0.5377304673783622,1,1
11-9071,-0.20177334877436526,-1.1336520177609888,1.5548019603134484,0.5312943023223644,0.37003457316752586,1,1
11-9081,1.9342733947053585,0.33203368068333433,2.177397020073823,0.9134889115341852,0.341660187076547,1,1
11-9111,1.2293779693570497,-1.0855312690223624,0.8064801556412197,1.3198049592462988,-0.8960507971946385,1,1
11-9121,2.2974013410969114,-1.524122875735028,0.1823342566290843,2.1787751025545683,-2.1617848013531473,1,1
11-9131,-0.20177334877436526,-1.6854137646644205,0.6882655983371236,0.8458715988367411,-0.47247580114480087,1,1
11-9141,0.16135459761718784,-1.1901758763605823,0.9733990411313025,0.7705514292115868,-0.22462108144412898,1,1
11-9151,-0.3726570882527431,-1.3753154503572027,1.8865527326771554,0.5716481047272691,0.5250589931280063,1,1
11-9161,,,,,,1,0
11-9199,,,,,,1,0
13-1011,-0.2658547510787568,-1.6453667420966323,1.2653808371593982,0.7865046010873962,-0.06779722863337444,1,1
13-1021,0.16135459761718784,-1.460667125044719,0.4754098644058787,0.9247672773007187,-0.6811208305518083,1,1
13-1022,0.6953662834871187,-0.9094449277334058,0.028855913081441763,0.9149550056250467,-0.9361633353536543,1,1
13-1023,0.3322383370955659,-1.7535385069759994,-0.10553099252284605,1.1891691376262763,-1.3017006608722859,1,1
13-1031,0.5138023102913423,-1.486240826259728,0.10525028156981864,1.1402895658123358,-1.1255621279474737,1,1
13-1032,-0.020209375578588595,-0.9850565654259662,0.04855214566469403,0.5500907270847881,-0.5443059366867787,1,1
13-1041,0.2681569347911741,-1.130339292144651,0.2795767046208629,0.7973281307086059,-0.6646707766645347,1,1
13-1051,-0.20177334877436526,-1.5964286098253837,0.020775521472130763,0.7951382712795543,-0.8161245695850139,1,1
13-1071,0.6900261666284195,-1.2800800355924484,1.1378835942436547,1.1232215470154987,-0.49436446158126174,2,1
13-1074,,,,,,1,0
13-1075,,,,,,1,0
13-1081,,,,,,1,0
13-1111,0.8342093218133005,-1.503938560307933,0.2876994281489045,1.3330540649771503,-1.2180260860876733,1,1
13-1121,0.24679646735637673,-0.9378834867707335,1.0641594433490682,0.6754245275167776,-0.07159269268723929,3,2
13-1131,,,,,,1,0
13-1141,1.2293779693570497,-1.367012978584412,-0.2953980026036164,1.4802868261194875,-1.717806838987007,1,1
13-1151,-0.020209375578588595,-1.3675758364800294,0.6371741352624501,0.7681773900840946,-0.4218749206261373,1,1
13-1161,1.1385959827591614,-0.8936909575997987,0.5324063777182493,1.158672805839668,-0.8909727273431358,3,2
13-1199,,,,,,1,0
13-2011,1.9396135115640578,-1.3993841138967844,0.050053691644692255,1.9036710173915505,-1.953728463306175,1,1
13-2021,0.33757845395426506,-0.8064921760682924,-0.0474113866645961,0.6522718326049242,-0.7077750111775725,1,1
13-2031,0.6953662834871187,-1.7495322496384755,-0.81373205298562,1.3939160790304348,-1.9357214521132198,1,1
13-2041,2.115837367901135,-1.359526083203431,0.0052400947011158935,1.9814176045891974,-2.061354315858629,1,1
13-2051,2.4682850805752894,-1.4479483801468507,0.09913031517122592,2.232771919233334,-2.2674704138800403,1,1
13-2052,1.2293779693570497,-1.4562950071155636,1.5090604523699558,1.5311894110128266,-0.69894209961634,1,1
13-2053,0.16135459761718784,-1.7535385069759994,-0.6009761920958409,1.0917427663980015,-1.494499618665195,1,1
13-2061,0.5885639463131325,-1.7362127436526984,0.06500460664059751,1.325430713951047,-1.3423704169546347,1,1
13-2071,1.7633896552269805,-1.5967185669231259,1.0239112264666614,1.9157068543657227,-1.3877690402162572,1,1
13-2072,1.7633896552269805,-1.5967185669231259,1.0239112264666614,1.9157068543657227,-1.3877690402162572,1,1
13-2081,0.8662500229654967,-1.677364011387822,-0.1023916557349252,1.450196993165126,-1.5718044256221964,1,1
13-2082,0.5138023102913423,-1.2791535395366096,0.4656302660097487,1.0222223761866336,-0.7884700455112927,1,1
13-2099,,,,,,1,0
15-1111,,,,,,1,0
15-1121,3.1838607396409966,-0.9738363135053357,-0.05212563646224895,2.37043815749241,-2.5007572581564737,1,1
15-1122,3.365424712836773,-0.7355181139944065,0.005577200426357142,2.3380807293448753,-2.432766429882258,1,1
15-1131,3.1838607396409966,-0.8165516819134672,-0.11934858043155504,2.280765079452643,-2.4472579933157297,1,1
15-1132,3.365424712836773,-0.9738363135053357,0.4997534915948496,2.4739536769224517,-2.2807792734278833,1,1
15-1133,3.365424712836773,-0.9738363135053357,0.4997534915948496,2.4739536769224517,-2.2807792734278833,1,1
15-1134,3.365424712836773,-0.7355181139944065,0.005577200426357142,2.3380807293448753,-2.432766429882258,1,1
15-1141,3.365424712836773,-1.0815002770905509,-0.4762615196561028,2.5353364001480747,-2.9245161387648615,1,1
15-1142,3.365424712836773,-0.7721464717145752,-0.10451505716479173,2.358963745994793,-2.519922747550135,2,2
15-1143,3.274642726238885,-0.854677213749871,-0.023274218017945904,2.3542594434186426,-2.466761844019366,2,2
15-1151,3.00229676644522,-0.1160792600185231,0.27276568436862925,1.7778874766610022,-1.6903754009509429,1,1
15-1152,3.365424712836773,-0.7355181139944065,0.005577200426357142,2.3380807293448753,-2.432766429882258,1,1
15-1199,,,,,,1,0
15-2011,1.0478139961612734,-1.6854137646644205,-0.8728680643794474,1.5583019384435013,-2.142125921538036,1,1
15-2021,2.2974013410969114,-1.3567047697011865,-0.5631302467449683,2.083324601538048,-2.5051611927788247,1,1
15-2031,1.4002617088354277,-1.2911113837941097,-0.7453347716296841,1.534439232408613,-2.041504540541294,1,1
15-2041,2.4682850805752894,-1.4397068361291325,-0.7658052001360269,2.228073147252949,-2.776371577819653,1,1
15-2091,2.831413026966842,-1.2025143524094375,-0.8054028022105675,2.299873045678191,-2.8747030382280085,1,1
15-2099,,,,,,1,0
17-1011,1.2293779693570497,-0.35710326663448977,0.4611466303966469,0.9045044912770146,-0.6684815229255502,1,1
17-1012,0.3322383370955659,-0.5139402629872306,0.4244309181098676,0.4824339089765747,-0.2505304034319157,1,1
17-1021,0.16135459761718784,-0.5001615660865222,-0.945387430908194,0.3771518550286449,-0.9545475246030077,1,1
17-1022,0.16135459761718784,-0.4203689366151853,-0.4695573974265079,0.3316594848131728,-0.6244914843318221,1,1
17-2011,1.9342733947053585,-0.2842346746485169,-0.7792998183384631,1.2648435210837754,-1.780785174684489,1,1
17-2021,0.5138023102913423,-0.510108740090959,0.08445764726239911,0.5837649527320952,-0.5580626762145964,1,1
17-2031,,,,,,1,0
17-2041,1.5818256820312042,-1.2142974622256852,-0.3643796174282818,1.5941606397653303,-1.8774306671435212,1,1
17-2051,1.6565873180529942,-0.4452996602370555,-0.3956076843600235,1.198354048500175,-1.483584551018211,1,1
17-2061,3.365424712836773,-0.9738363135053357,0.4997534915948496,2.4739536769224517,-2.2807792734278833,1,1
17-2071,1.870191992400967,-0.9960497714556708,-0.23805854676440869,1.6341375426818514,-1.8440447747229876,1,1
17-2072,1.2293779693570497,-0.9960497714556708,-0.06826435813147476,1.2687886505758206,-1.3625198939065457,1,1
17-2081,,,,,,1,0
17-2111,0.9872926717626811,-0.9301711306538462,-0.1969426791095609,1.0932084047391155,-1.2560190167679215,1,1
17-2112,1.2293779693570497,-0.9052037698996044,-0.4149220818962166,1.216994393853544,-1.5144795055581073,1,1
17-2121,0.647305231758825,-0.026064186282866858,-0.07105493102478086,0.38390978039310886,-0.44220973930127194,1,1
17-2131,0.3749592719651604,-1.4610082510420626,-0.41643865922091977,1.046744728349012,-1.3379948572245586,1,1
17-2141,2.4682850805752894,-0.5575942342919188,-0.3001117754532831,1.7251520965194707,-1.9757355529992815,1,1
17-2151,-0.020209375578588595,-0.7111974399437873,0.0481503833359511,0.3939547430238034,-0.38186430051281706,1,1
17-2161,1.4429826437050222,-1.00076301538217,-0.3111786215015629,1.3932587880887242,-1.636505239842866,1,1
17-2171,1.0157732950090772,-0.9058860218942919,-0.1367112102198633,1.0956004038440998,-1.2227320282121883,1,1
17-2199,,,,,,1,0
17-3011,2.2974013410969114,-0.52637804794278,-0.7339139721826049,1.6099283633604138,-2.1133734485617905,1,1
17-3012,0.9249913084111892,-0.5412556557998642,-0.3606706417232317,0.8359550269885817,-1.0852422536396173,1,1
17-3013,1.4429826437050222,-0.15629656184426635,0.0557565601984053,0.9118010294784108,-0.9168973952318625,1,1
17-3019,,,,,,1,0
17-3021,2.831413026966842,-0.19701466158096165,-0.9619402178343716,1.726605007141581,-2.3703947268923327,1,1
17-3022,1.2293779693570497,-0.5246724179560612,0.08932564344361206,1.0000411081189469,-0.9888949708832983,1,1
17-3023,1.086974853125068,-0.3723944260605762,-0.7114486531930161,0.832033835326215,-1.289529061148395,1,1
17-3024,-0.4794594254267293,-0.047279836576891186,-1.1965791770176497,-0.24639962344629765,-0.45407561296131643,1,1
17-3025,,,,,,1,0
17-3026,1.5818256820312042,-0.9850565654259662,-0.5007462264858068,1.4634629573498652,-1.8222606359351525,1,1
17-3027,0.3749592719651604,-0.15055993992573588,-0.5474239056054391,0.29961557478528383,-0.6373594534731982,1,1
17-3029,,,,,,1,0
17-3031,1.549784980879008,-0.38539580168218135,-0.447538353563962,1.103309430675736,-1.4154045462582916,1,1
19-1011,0.8662500229654967,-0.8283347917297148,-0.9918563778131722,0.9661378533630639,-1.5958242914502676,1,1
19-1012,-0.020209375578588595,-0.973098721168466,-0.7554738864639263,0.5432731716094849,-1.014817503518995,1,1
19-1013,0.6953662834871187,-0.8966918798107912,-0.8315774899059993,0.9076840787071709,-1.4397101487996427,1,1
19-1021,0.6953662834871187,-0.8951939977094014,-1.1434328733598624,0.9068300874607735,-1.624071541512519,1,1
19-1022,0.3322383370955659,-0.7399124947862952,-0.7671716902534591,0.6112680192888852,-1.0926111350661758,1,1
19-1023,-0.020209375578588595,-0.5104968635453235,-1.0486124363503142,0.2795288244336991,-0.9141513643345689,1,1
19-1029,,,,,,1,0
19-1031,-0.26585475107875695,-0.34357368588680237,0.6303296275797539,0.04431008952161186,0.3282668422817154,1,1
19-1032,-0.5542210614485196,-0.06730250695911262,0.7452735264723283,-0.2776080860146581,0.7319579747418032,1,1
19-1041,0.6953662834871187,-0.5871360506724956,0.07707639620839406,0.7311962442440207,-0.7160581064239234,1,1
19-1042,0.6953662834871187,-0.5871360506724956,0.07707639620839406,0.7311962442440207,-0.7160581064239234,1,1
19-1099,,,,,,1,0
19-2011,1.0478139961612734,-1.121868907944741,-1.136036462652552,1.2370067082352254,-1.963693558936691,1,1
19-2012,1.0478139961612734,-1.1303833527603344,-0.8603218837603134,1.2418610698259702,-1.8049688990307218,1,1
19-2021,1.9342733947053585,-0.667781495137192,0.5631155227115748,1.4835160233968603,-1.2111893533852933,1,1
19-2031,1.4429826437050222,-0.3460505488200222,-0.06804984681585101,1.0199859418262847,-1.103161399432437,1,1
19-2032,0.802168620661105,-0.7107365389973495,-0.5364567429134647,0.8625563799574233,-1.2173806429179068,1,1
19-2041,1.6565873180529942,-1.3708445014806838,-0.4911798441538243,1.7260372298646962,-2.090157782255355,1,1
19-2042,1.0478139961612734,-0.3659076685478249,-0.9396614842213361,0.8060086473987242,-1.397978115666937,1,1
19-2043,0.8662500229654967,-0.9044111209612697,-1.1109575807764078,1.0095114400836176,-1.7117654287029085,1,1
19-2099,,,,,,1,0
19-3011,1.2293779693570497,-1.910085546230998,-0.06636936536091984,1.7899101392617156,-1.9043580778969127,1,1
19-3022,,,,,,1,0
19-3031,0.8733701787770958,-1.4593234610674484,1.8393056862384531,1.3299444242679772,-0.29308681078492677,1,1
19-3032,0.802168620661105,-1.45595388111822,0.22988496587005858,1.2874289959291898,-1.2048321540264426,1,1
19-3039,,,,,,1,0
19-3041,0.6953662834871187,-1.4397068361291325,-0.16746539580528602,1.2172745457595975,-1.3677749228817553,1,1
19-3051,0.8662500229654967,-0.8956067190479344,0.5079221391186982,1.0044917645318656,-0.744873665863138,1,1
19-3091,0.33757845395426506,-0.5924376002342937,-0.5840269739153658,0.5302323651168382,-0.8993856442072937,1,1
19-3092,0.16135459761718784,-0.24475468141892653,-0.058954062888222934,0.2315360928979778,-0.27626116669724304,1,1
19-3093,0.5138023102913423,-1.5962538753841309,-0.1031423741284461,1.2030115790165512,-1.3147043878671538,1,1
19-3094,0.8662500229654967,-1.5203522805938285,-0.26171274595033883,1.3606795047357185,-1.5731762523618504,1,1
19-3099,,,,,,1,0
19-4011,-0.05225007673078447,-0.10633088013840587,-0.7302186350400738,0.03083322289878232,-0.46589670346626433,1,1
19-4021,-0.2658547510787568,0.2094128063250922,-0.29935062070494634,-0.2709654740803567,0.10449978270304229,1,1
19-4031,0.3749592719651604,-0.6071153096511609,-0.5032865107308273,0.5599126227835792,-0.8823477392145767,1,1
19-4041,0.268156934791174,-0.2984414890774113,-0.5054935869646202,0.32303616803845137,-0.6368538713329953,1,1
19-4051,0.8021686206611048,-0.24157650448047419,-0.555154036522516,0.5950730030847226,-0.9497926583609995,1,1
19-4061,0.802168620661105,-0.9815689136788299,-0.17055476667453937,1.016966715059505,-1.1609065313806988,1,1
19-4091,0.802168620661105,-0.7114187909920369,-0.08395210729156335,0.8629453539833226,-0.9489849909959566,1,1
19-4092,0.5885639463131325,-0.5263780479427801,-0.407578771430503,0.6356646510776649,-0.904421667183865,1,1
19-4093,,,,,,1,0
19-4099,,,,,,1,0
21-1011,0.3322383370955659,-1.3632423834432128,1.5342836800443693,0.9666486383889967,-0.09575573574744019,1,1
21-1012,0.16135459761718784,-1.910085546230998,2.14932769377827,1.1809953190849973,0.04626747256801745,1,1
21-1013,,,,,,1,0
21-1014,0.3322383370955659,-1.3632423834432128,1.5342836800443693,0.9666486383889967,-0.09575573574744019,1,1
21-1015,,,,,,1,0
21-1019,,,,,,1,0
21-1021,0.5138023102913423,-1.294380048794764,2.2776591122200043,1.0309035037650913,0.278882861464289,1,1
21-1022,0.3322383370955659,-1.3632423834432128,1.5342836800443693,0.9666486383889967,-0.09575573574744019,1,1
21-1023,0.3322383370955659,-1.3632423834432128,1.5342836800443693,0.9666486383889967,-0.09575573574744019,1,1
21-1029,,,,,,1,0
21-1091,0.5138023102913423,-1.4479483801468507,0.7951318770202429,1.1184577983099402,-0.6930055444753391,1,1
21-1092,0.5885639463131325,-1.4657214949685615,1.4988204539398031,1.171214865861915,-0.3299623763670153,1,1
21-1093,-0.3726570882527431,-0.20720736406698015,1.8216352160387594,-0.09432826257981912,1.1803863139190602,1,1
21-1094,0.5138023102913423,-1.4479483801468507,0.7951318770202429,1.1184577983099402,-0.6930055444753391,2,1
21-1099,,,,,,1,0
21-2011,-0.5542210614485196,-1.2911113837941097,1.777918004915563,0.4201251114852188,0.6184007558215537,1,1
21-2021,-0.052250076730784474,-1.7456392315056968,1.947214679828329,0.9654561688001357,0.15077975270776253,1,1
21-2099,,,,,,1,0
23-1011,0.16135459761718784,-1.4516646803866324,0.8588846872918694,0.9196346911465415,-0.4479779055789924,1,1
23-1012,0.6953662834871187,-1.5969914677210006,-0.1547877876608931,1.3069476237993642,-1.4536757054394882,1,1
23-1021,0.16135459761718784,-1.6768993198488273,0.7963419695565032,1.0480482761060808,-0.6189260351810497,1,1
23-1022,0.16135459761718784,-1.6768993198488273,0.7963419695565032,1.0480482761060808,-0.6189260351810497,1,1
23-1023,-0.7357850346442962,-1.914091803568522,1.445854094184214,0.6717909675924798,0.15893090157829784,1,1
23-2011,0.5138023102913423,-1.4036413363045808,-0.1353513207018872,1.0931969132510042,-1.2194199833281778,2,2
23-2091,,,,,,1,0
23-2093,0.9623721264220841,-1.0957012203658376,0.1474669074749261,1.1733744738454124,-1.134955857496391,1,1
23-2099,,,,,,1,0
25-1011,,,,,,1,0
25-1021,2.4682850805752894,-1.0497379082956382,1.0455230275571068,2.0057391929131585,-1.4687369706352238,1,1
25-1022,0.8662500229654967,-1.6047683201997243,0.6211886080668991,1.408807831265613,-1.0988527255125102,1,1
25-1031,,,,,,1,0
25-1032,1.0478139961612734,-1.3675758364800294,0.5419402775525503,1.3770922102608125,-1.1128835863426396,1,1
25-1041,0.3322383370955659,-1.4397068361291325,0.606259977025013,1.0102435068995135,-0.6924509486628652,1,1
25-1042,0.3322383370955659,-1.4397068361291325,0.606259977025013,1.0102435068995135,-0.6924509486628652,1,1
25-1043,0.3322383370955659,-1.4397068361291325,0.606259977025013,1.0102435068995135,-0.6924509486628652,1,1
25-1051,,,,,,1,0
25-1052,1.2293779693570497,-0.8205579392509915,0.7992907551054772,1.1687350559851748,-0.7429196371428525,1,1
25-1053,,,,,,1,0
25-1054,0.8662500229654967,-1.0577504229706864,0.8209126947806504,1.0969351575599329,-0.6552662436104131,1,1
25-1061,0.3322383370955659,-1.4519546374843746,0.5521856957493911,1.0172263763358238,-0.7318481968948584,1,1
25-1062,0.3322383370955659,-1.4519546374843746,0.5521856957493911,1.0172263763358238,-0.7318481968948584,1,1
25-1063,0.3322383370955659,-1.4519546374843746,0.5521856957493911,1.0172263763358238,-0.7318481968948584,1,1
25-1064,,,,,,1,0
25-1065,0.3322383370955659,-1.4519546374843746,0.5521856957493911,1.0172263763358238,-0.7318481968948584,1,1
25-1066,0.3322383370955659,-1.4519546374843746,0.5521856957493911,1.0172263763358238,-0.7318481968948584,1,1
25-1067,0.3322383370955659,-1.4519546374843746,0.5521856957493911,1.0172263763358238,-0.7318481968948584,1,1
25-1069,,,,,,1,0
25-1071,0.16135459761718784,-1.6728930625113032,0.9313342575762705,1.045764178650155,-0.5363568519151014,1,1
25-1072,0.8662500229654967,0.24563911029284508,1.318620744225324,0.3538304425624697,0.4146381644121501,1,1
25-1081,,,,,,1,0
25-1082,,,,,,1,0
25-1111,,,,,,1,0
25-1112,,,,,,1,0
25-1113,,,,,,1,0
25-1121,0.3322383370955659,-1.2102912048881609,0.7102966934285445,0.8794462027026443,-0.4943705447827579,1,1
25-1122,,,,,,1,0
25-1123,0.5138023102913423,-1.4482212809447257,0.9646676074794316,1.1186133879203,-0.5924584951051935,1,1
25-1124,0.5138023102913423,-1.4482212809447257,0.9646676074794316,1.1186133879203,-0.5924584951051935,1,1
25-1125,0.3322383370955659,-1.4519546374843746,0.5521856957493911,1.0172263763358238,-0.7318481968948584,1,1
25-1126,,,,,,1,0
25-1191,0.6953662834871187,-1.359061391664436,0.3746537084465747,1.1712959580117508,-0.9978346474469548,1,1
25-1192,,,,,,1,0
25-1193,,,,,,1,0
25-1194,1.0157732950090772,-0.7205041528476913,1.5489782176920912,0.9899081779608357,-0.11126119644839162,1,1
25-1199,,,,,,1,0
25-2011,0.5138023102913423,0.7855582355952664,1.368225136247158,-0.15493688131452388,0.9741965031060122,1,1
25-2012,0.6953662834871187,0.0044403692356259706,1.9113222602729072,0.3939193092249629,0.7249509647220918,1,1
25-2021,1.4002617088354277,-0.28853088908378327,1.3617398116739516,0.9628355224123494,-0.1942788780681816,1,1
25-2022,0.3322383370955659,-0.8283347917297148,1.0151170907874707,0.661680443274705,-0.08640512194577916,1,1
25-2023,0.3322383370955659,-0.8283347917297148,1.0151170907874707,0.661680443274705,-0.08640512194577916,1,1
25-2031,0.3322383370955659,-0.8283347917297148,1.0151170907874707,0.661680443274705,-0.08640512194577916,1,1
25-2032,0.3322383370955659,-0.8283347917297148,1.0151170907874707,0.661680443274705,-0.08640512194577916,1,1
25-2051,-0.020209375578588595,-0.7516956046025428,1.3829699826725992,0.4170440623244672,0.3870003194028469,1,1
25-2052,-0.020209375578588595,-0.7516956046025428,1.3829699826725992,0.4170440623244672,0.3870003194028469,1,1
25-2053,-0.020209375578588595,-0.7516956046025428,1.3829699826725992,0.4170440623244672,0.3870003194028469,1,1
25-2054,-0.020209375578588595,-0.7516956046025428,1.3829699826725992,0.4170440623244672,0.3870003194028469,1,1
25-2059,,,,,,1,0
25-3011,0.5885639463131325,-0.7151086569265048,1.9562482149548974,0.7432661023866896,0.3876489148868573,1,1
25-3021,0.5885639463131325,-0.7151086569265048,1.9562482149548974,0.7432661023866896,0.3876489148868573,1,1
25-3099,,,,,,1,0
25-4011,0.3749592719651604,-1.2712542640663067,1.1017904551071493,0.9385598160011381,-0.3234031624395998,1,1
25-4012,0.3749592719651604,-1.00076301538217,1.2159196766066431,0.7843439679120062,-0.09492740387108413,1,1
25-4013,0.16135459761718784,0.3133751616686245,0.15140154145504026,-0.0866718621257761,0.18024156563729088,1,1
25-4021,2.2974013410969114,0.4223089697384319,1.8923123403682642,1.0690510754090363,0.010229162998418966,1,1
25-4031,2.0837966667489387,-0.1515833179177671,1.258324586419855,1.2744627481068815,-0.5803993562051791,1,1
25-9011,-0.5542210614485196,-0.13254670772440175,0.5806929184992535,-0.24041024762667357,0.5954353463718365,1,1
25-9021,0.5138023102913423,-0.5899013695622959,1.3715169252688593,0.6292573229475673,0.1590888658935005,1,1
25-9031,0.6953662834871187,-1.3720467853565483,0.2654010489558375,1.1786993528008325,-1.0704476103336056,1,1
25-9041,0.16135459761718784,-1.1810905145049277,1.4243323573947804,0.7653715692694171,0.04864340806360559,1,1
25-9099,,,,,,1,0
27-1011,-0.20177334877436526,-0.735906237448771,0.3498277242154846,0.3045265117446003,-0.10948263423874113,1,1
27-1012,,,,,,1,0
27-1013,-0.5542210614485197,-0.6424202628279215,-0.529476185203973,0.05028522995726131,-0.36691716494278265,1,1
27-1014,,,,,,1,0
27-1019,,,,,,1,0
27-1021,-0.20177334877436526,-0.43505996029401595,-0.07565992282099503,0.1330042758069188,-0.18352323722367803,1,1
27-1022,-0.7357850346442962,-0.2817815860396718,0.2506430988127762,-0.2588421148652817,0.4185805668819759,1,1
27-1023,-0.5542210614485196,-0.0477797832656916,0.5757478026233258,-0.2887386250100489,0.6428518249008003,1,1
27-1024,2.115837367901135,-0.8165516819134672,-0.20516363555051964,1.6718502592759246,-1.8637976535550214,1,1
27-1025,0.16135459761718784,-1.218768411102204,0.5870888587345675,0.786852962128632,-0.47108537645439186,1,1
27-1026,-0.7357850346442962,0.41070059436343676,-0.8342909280574828,-0.6536487019803477,0.18545274276905888,1,1
27-1027,-0.7357850346442962,-0.3899662409365653,-0.12907755810502528,-0.19716252860762495,0.128750604963285,1,1
27-1029,,,,,,1,0
27-2011,-0.906668774122674,0.3906759405294711,0.900593656537463,-0.7396583675343388,1.3056393914880253,1,1
27-2012,0.2638848413042146,-1.167099422256919,0.4669372100105994,0.8158506157993279,-0.5726720206819484,1,1
27-2021,-0.906668774122674,0.3658329598180114,0.6383400416148612,-0.7254945771783945,1.1350956540769261,1,1
27-2022,-0.4794594254267293,-0.9957086454583272,0.34730921715393126,0.2943304512801222,-0.10035528086067236,1,1
27-2023,-0.5328605940137223,-0.6872906693825853,0.18371925618639595,0.08804560280354258,0.01739862624041134,1,1
27-2031,-0.906668774122674,-0.2081422450357554,0.7194323119732311,-0.3982526666572132,0.8423088393487675,1,1
27-2032,-0.906668774122674,-0.649534504989652,0.3420452969283111,-0.14660060013044576,0.3559301089961684,1,1
27-2041,-0.6752637102457041,-1.445383132672861,-0.5027607613293914,0.43907010092663884,-0.7561278925475831,1,1
27-2042,-0.6396629311877086,-0.9852506271531485,0.5039686239660885,0.19703077227727311,0.09408288292731058,1,1
27-2099,,,,,,1,0
27-3011,0.16135459761718784,-1.3557927266637817,1.03221847702473,0.8649749758202375,-0.2880618553030427,1,1
27-3012,-0.906668774122674,-1.3626795255475956,0.8604067800499535,0.25998654341263666,0.24022301610230748,1,1
27-3021,0.6953662834871187,-1.3675758364800294,0.2491408408161926,1.1761503196024956,-1.0774507736125065,1,1
27-3022,0.6953662834871187,-0.6669286801438327,0.48203359621543995,0.776688614459493,-0.5229008834677918,1,1
27-3031,0.6953662834871187,-0.5004515231842642,1.3141239317625457,0.6817745790780111,0.07027728311132289,1,1
27-3041,1.9342733947053585,-0.8087748294347438,-0.2656895041124109,1.5639009036079095,-1.7872778182295053,1,1
27-3042,0.6953662834871187,-0.8165516819134672,-0.13218182999234562,0.8619935484408898,-0.9766431509362983,1,1
27-3043,1.4937137538626655,-1.4157825313087329,-0.4647090940583313,1.658798350455469,-2.0043762445025717,1,1
27-3091,0.5885639463131325,-1.0761047811693645,0.514790915559404,0.9490817201851487,-0.6830609021272395,1,1
27-3099,,,,,,1,0
27-4011,-0.5542210614485196,-0.13254670772440175,0.5806929184992535,-0.24041024762667357,0.5954353463718365,1,1
27-4012,0.16135459761718784,1.37991209481715,-0.3797458421226444,-0.6947392153729335,0.4982785474168942,1,1
27-4013,0.16135459761718784,-0.8125454245759431,0.23110532041281298,0.5552520408966052,-0.44124168136164754,1,1
27-4014,-0.020209375578588595,-0.6600046426584686,-0.4914858065147153,0.36476806623549285,-0.6720138980650919,1,1
27-4021,-0.2872152185135542,0.5001511487266231,-0.3614306921087998,-0.4489031444510609,0.2530181933129365,1,1
27-4031,-0.2658547510787568,-0.05131082850870275,-0.2385433150491425,-0.12231845995929375,-0.014256337940685695,1,1
27-4032,0.5138023102913423,-0.6717877524747161,-0.5842352493232295,0.6759434100177509,-1.0513277686970333,1,1
27-4099,,,,,,1,0
29-1011,-0.7357850346442962,0.5634770384772363,2.3611650537229623,-0.7407515158852961,2.1744002967166103,1,1
29-1021,-0.08429077788298035,-0.36989222018357093,1.4484201737238753,0.1628306603416108,0.6907481851207027,1,1
29-1022,-0.3726570882527431,-0.3461729718116015,1.2716575250774271,-0.01509945514958727,0.771133934014821,1,1
29-1023,-0.5542210614485196,-0.03611189610593376,1.3989026269884388,-0.2953908665243447,1.1387608236985138,1,1
29-1024,-0.20177334877436526,-0.34561011391598434,0.7528993647401512,0.08200601250732055,0.36180091868888076,1,1
29-1029,,,,,,1,0
29-1031,0.5138023102913423,-1.2954075982293762,1.030180783846941,1.0314893430788699,-0.4627659836249229,1,1
29-1041,0.5138023102913423,-0.595148565347544,1.4285426738098888,0.6322489197258302,0.18984683390495075,1,1
29-1051,1.0478139961612734,-0.6559983853209446,0.6938672643126395,0.9713987889562854,-0.5999368069196142,1,1
29-1061,0.5885639463131325,-0.3460505488200222,1.309280939475725,0.53285408568491,0.2225627773801743,1,1
29-1062,0.16135459761718784,-0.2558867992586432,2.202404675047044,0.2378828749178456,1.0604389671566288,1,1
29-1063,0.16135459761718784,-0.2558867992586432,2.202404675047044,0.2378828749178456,1.0604389671566288,1,1
29-1064,0.16135459761718784,-0.2558867992586432,2.202404675047044,0.2378828749178456,1.0604389671566288,1,1
29-1065,0.16135459761718784,-0.2558867992586432,2.202404675047044,0.2378828749178456,1.0604389671566288,1,1
29-1066,-0.052250076730784474,-1.4704347388950605,1.669835871109013,0.8085531472334438,0.1494881456280324,1,1
29-1067,-0.052250076730784474,0.7648761614702069,1.6455464022957507,-0.4658702136689059,1.4628992559204914,1,1
29-1069,,,,,,1,0
29-1071,0.5138023102913423,-0.2858250819787459,1.8121862777098992,0.45589355313388585,0.601489461379161,1,1
29-1081,-0.906668774122674,0.17350811064374194,2.4057195095865387,-0.6158439327737802,2.0707239596758775,1,1
29-1122,0.3322383370955659,-0.06368437307595305,1.5694644002734448,0.2257283990660551,0.6971179348041547,1,1
29-1123,0.8662500229654967,0.4024590503457186,1.4048261469845689,0.26442230026511404,0.5590022943916665,1,1
29-1124,2.831413026966842,0.4795629290118855,1.3142304118427646,1.3408661433559428,-0.616376306692472,1,1
29-1125,-0.20177334877436526,-0.16836072871213922,1.8952605028851044,-0.019049620144248058,1.1456879936362103,1,1
29-1126,-0.20177334877436526,0.24563911029284508,1.5072382774352535,-0.2550843776142483,1.1611194524973967,1,1
29-1127,0.3322383370955659,-1.2909366493528571,1.2933994968563778,0.9254247904504908,-0.19589624313514478,1,1
29-1128,,,,,,1,0
29-1129,,,,,,1,0
29-1131,-0.5542210614485196,0.1743609256371012,1.3306277832510252,-0.4153882596478376,1.223230563117823,1,1
29-1141,1.6672675517703932,0.549845869691939,2.275330732404065,0.6370784016607607,0.6878316915898591,1,1
29-1151,1.6672675517703932,0.549845869691939,2.275330732404065,0.6370784016607607,0.6878316915898591,1,1
29-1161,1.6672675517703932,0.549845869691939,2.275330732404065,0.6370784016607607,0.6878316915898591,1,1
29-1171,1.6672675517703932,0.549845869691939,2.275330732404065,0.6370784016607607,0.6878316915898591,1,1
29-1181,0.3322383370955659,-1.2909366493528571,1.2933994968563778,0.9254247904504908,-0.19589624313514478,1,1
29-1199,,,,,,1,0
29-2011,1.4963838122920152,-0.24141987177985372,-0.014098800076403278,0.9907783348085751,-1.0406810870277985,1,1
29-2012,1.2293779693570497,-0.05190126325970548,-0.014477761235058154,0.7304989143205991,-0.7697173838652139,1,1
29-2021,-0.020209375578588595,-0.10870758729403174,1.6870670379742643,0.05045570546352762,0.9495964295116458,1,1
29-2031,0.5138023102913423,-0.21696274733029722,1.1445153178140965,0.4166328990799385,0.24577970202745508,1,1
29-2032,,,,,,1,0
29-2033,1.7633896552269805,-0.36172667676904824,0.40551801011613714,1.2115978576797954,-1.021491474016133,1,1
29-2034,0.6045842968892305,0.13747307469672654,1.0022760343111068,0.2663152824085897,0.317903481189127,1,1
29-2035,0.6045842968892305,0.13747307469672654,1.0022760343111068,0.2663152824085897,0.317903481189127,1,1
29-2041,0.3322383370955659,1.584673029235942,1.5830110343114558,-0.7140537047474771,1.6843373232881824,1,1
29-2051,-0.906668774122674,-0.9167570886731344,1.7644645224441724,0.005751675855531727,1.0421505509618383,1,1
29-2052,1.2293779693570497,-0.4345952687550212,-0.09736546028806203,0.9486851991013096,-1.0462864730546513,1,1
29-2053,-0.7357850346442962,0.22984974313907336,1.3143881539985267,-0.5505397565527826,1.3544000105968637,1,1
29-2054,,,,,,1,0
29-2055,-0.5542210614485196,-0.040118153443457906,0.23259560023995346,-0.29310676906841904,0.4435606560717053,1,1
29-2056,,,,,,1,0
29-2057,,,,,,1,0
29-2061,-0.3726570882527431,0.9299169852797855,1.7259240068373765,-0.7426397949136863,1.7990160427640618,1,1
29-2071,2.4682850805752894,-1.1992456874087831,-0.38278371647614146,2.0909784347149523,-2.406004739779654,1,1
29-2081,-0.20177334877436526,-0.5112344558821932,1.4952097164366929,0.17643383035642804,0.7043692002628755,1,1
29-2091,-0.052250076730784474,0.10948144291337174,1.4575913266188683,-0.09220839338056702,0.9619249217043327,1,1
29-2092,,,,,,1,0
29-2099,,,,,,1,0
29-9011,0.16135459761718784,-0.9058860218942919,0.21720898653778878,0.6084685477027255,-0.5049435409877564,1,1
29-9012,,,,,,1,0
29-9091,-0.6930640997747017,-0.08027254406238417,0.9577967236201906,-0.34937237313872405,0.9329751699070825,1,1
29-9092,,,,,,1,0
29-9099,,,,,,1,0
31-1011,-0.906668774122674,0.6281583813469084,1.5230885379314782,-0.8750548219301886,1.8164909614790206,1,1
31-1013,-0.2658547510787568,-0.36019028059951935,1.420346325514505,0.05378374997621473,0.787689023259911,1,1
31-1014,-0.20177334877436526,1.1679622839928399,1.6344705996998705,-0.7809307816526282,1.7845859777860325,1,1
31-1015,-0.20177334877436526,1.1679622839928399,1.6344705996998705,-0.7809307816526282,1.7845859777860325,1,1
31-2011,-0.3726570882527431,0.17474904909146596,1.287352126217461,-0.31209402200775854,1.0898998325725264,1,1
31-2012,-0.3726570882527431,0.17474904909146596,1.287352126217461,-0.31209402200775854,1.0898998325725264,1,1
31-2021,-0.5542210614485196,0.3989174845471893,1.789263547261206,-0.5434152488564067,1.629066695949939,1,1
31-2022,-0.5542210614485196,0.3989174845471893,1.789263547261206,-0.5434152488564067,1.629066695949939,1,1
31-9011,,,,,,1,0
31-9091,0.3322383370955659,-0.19740278503532627,1.087315862062406,0.30196560971802405,0.3312750337482561,1,1
31-9092,1.4002617088354277,0.15321055601190126,1.92093611793252,0.7109843740925743,0.40030729128297915,1,1
31-9093,-0.2658547510787568,0.6804490338273581,-0.2263126634203467,-0.5395185295242808,0.4276956906779279,1,1
31-9094,,,,,,1,0
31-9095,,,,,,1,0
31-9096,-0.5542210614485196,-0.07219881789154609,0.7076730683245043,-0.2748165400898764,0.7067136564981925,1,1
31-9097,,,,,,1,0
31-9099,,,,,,1,0
33-1011,,,,,,1,0
33-1012,1.4002617088354277,1.1145842762318183,2.008883282270007,0.16287398488199278,1.023634450564379,1,1
33-1021,-0.5542210614485197,0.7652660331902517,0.5658657121883519,-0.7522824576849849,1.1199544644710393,1,1
33-1099,,,,,,1,0
33-2011,-0.8212269043834851,2.1216413609464464,0.7516336176363397,-1.6778248004703888,2.1946416940328874,1,1
33-2021,-0.28721521851355414,0.017833213668032435,0.5119756027515519,-0.1739180210302395,0.48533606664495976,1,1
33-2022,-0.906668774122674,0.7831423855879711,1.3628447958725602,-0.9634162375787785,1.8133665240635282,1,1
33-3011,-0.906668774122674,-0.22011618967446206,1.9208132986765172,-0.391425931831545,1.5488512551819562,1,1
33-3012,-0.6930640997747017,0.5751221744944509,1.435850244170278,-0.7230341934270629,1.6062764273894619,1,1
33-3021,0.17417087807806617,-0.46210679703066654,0.4264001989276601,0.36276257277978596,-0.12467333200966217,1,1
33-3031,-0.906668774122674,1.186890010322174,1.7428953293129594,-1.193605874638224,2.278965452451426,1,1
33-3041,-0.7357850346442962,-0.13027821984206592,-0.46829757714152775,-0.3452191056928313,0.0815062823935755,1,1
33-3051,0.5743236346899344,1.4529897494051294,2.1071944616105047,-0.5009560964621814,1.7736881238539814,1,1
33-3052,-0.6930640997747017,0.285777950104318,0.6492263668340321,-0.5580696514276924,0.9671200452029091,1,1
33-9011,-0.5542210614485196,0.9566215640878432,1.1983035893371585,-0.8613804622506639,1.609311735854132,1,1
33-9021,-0.5542210614485196,-0.059000035186322006,0.8854500549181483,-0.28234159488751676,0.8201588242448097,1,1
33-9031,,,,,,1,0
33-9032,0.3322383370955659,1.8194124243467915,0.814458595439094,-0.8478862596750573,1.3672368318636088,1,1
33-9091,-0.906668774122674,0.7753260273152363,1.7409240391744412,-0.9589598778042487,2.0333134589898267,1,1
33-9092,-0.906668774122674,1.258205433579468,2.015004262099568,-1.2342651141994334,2.4829695196831394,1,1
33-9093,0.30019763594337,0.3445365661010703,0.5470176500299785,-0.0252790644832257,0.35128302759953706,3,2
33-9099,,,,,,1,0
35-1011,-0.6930640997747017,-0.436214298381401,0.5192041808485461,-0.14643841583077424,0.46099866239092774,1,1
35-1012,0.16135459761718784,-1.0909267649435488,0.6838700287623836,0.7139662865730396,-0.3376528831305238,1,1
35-2011,-0.7357850346442962,-0.12076359790815418,0.20683461774290607,-0.3506437007506148,0.48820642695272637,1,1
35-2012,-0.7357850346442962,0.10087518085409396,0.07196272489186264,-0.47700716870951043,0.5397484836397396,1,1
35-2013,,,,,,1,0
35-2014,-0.5542210614485196,0.559470781139712,0.24752904512363966,-0.6349518989993282,0.8086048429788296,1,1
35-2015,-0.906668774122674,0.18929747779751357,0.9082328228823171,-0.6248459639236049,1.1905526081833289,1,1
35-2019,,,,,,1,0
35-2021,-0.906668774122674,0.7972261227550241,0.566993700245237,-0.9714458336638546,1.3489739498382454,1,1
35-3011,0.5138023102913423,0.33406140723626476,1.6952894153289053,0.102476127918333,0.9002799456405152,1,1
35-3021,0.8662500229654967,0.6275955234512912,1.641998732421016,0.13606468313453035,0.8336273365613013,1,1
35-3022,-0.906668774122674,0.4105258599221843,1.296375435129719,-0.7509754514272186,1.552536722347452,1,1
35-3031,0.5138023102913423,0.9421647866350279,2.0057735532354286,-0.24422336360332084,1.4459476781137595,1,1
35-3041,-0.906668774122674,-0.05190126325970548,0.9258898290507117,-0.48733072603283695,1.0577623086289087,1,1
35-9011,-0.906668774122674,0.47909823747289076,0.3421944347472072,-0.7900707915201586,1.0264594134623803,1,1
35-9021,-0.906668774122674,0.4871650470493565,-0.6679328046118986,-0.7946699417191393,0.4312063404348972,1,1
35-9031,-0.7357850346442962,-0.7594724570812662,1.627789101768185,0.013504969044039465,0.9528831053408333,1,1
35-9099,,,,,,1,0
37-1011,-0.4260582568397362,-0.8572233055468859,-0.07848248707780459,0.2458212011524663,-0.30274547604148283,1,1
37-1012,-0.4100379062636382,0.008998396431814132,0.36507379750648866,-0.23890620903515847,0.4657842310351842,1,1
37-2011,-0.906668774122674,2.0512811441966083,-0.8385206572388113,-1.6864233407841813,1.259002694075222,1,1
37-2012,-0.906668774122674,0.8647880071709861,-0.5057895074624615,-1.009965058793664,0.7518432140282785,1,1
37-2019,,,,,,1,0
37-2021,-0.906668774122674,1.3510986793994062,-0.07874620965581884,-1.2872265713835902,1.2944020670339333,1,1
37-3011,-0.906668774122674,1.987548605006561,-0.35200242158949413,-1.650087349768279,1.5101497083366615,1,1
37-3012,-0.906668774122674,0.718461042718299,-1.009118287458447,-0.9265393027621608,0.36592878531771444,1,1
37-3013,-0.906668774122674,1.6433152890820788,-1.0592760512107349,-1.4538287535509242,0.8855239651750413,1,1
37-3019,,,,,,1,0
39-1011,-0.20177334877436526,-1.1336520177609888,1.5548019603134484,0.5312943023223644,0.37003457316752586,1,1
39-1012,,,,,,1,0
39-1021,-0.4794594254267293,-1.2806807519193046,1.201931193475815,0.4568023068148827,0.238033328754381,1,1
39-2011,-0.906668774122674,0.3191248550758523,0.9101028360907705,-0.6988647692992515,1.2687846928630602,1,1
39-2021,-0.6930640997747017,1.1302444036422217,0.26300910692838425,-1.0395274100380056,1.239333409402047,1,1
39-3011,-0.020209375578588595,-0.040118153443457906,1.7295397087161777,0.01135064101993998,1.0155705535172388,1,1
39-3012,-0.020209375578588595,-0.040118153443457906,1.7295397087161777,0.01135064101993998,1.0155705535172388,1,1
39-3019,,,,,,1,0
39-3021,-0.906668774122674,0.12362117469286878,-0.703357049912676,-0.5874017699546203,0.19420766149595184,1,1
39-3031,-0.7357850346442962,-0.44151930624038516,1.6084343042970861,-0.1677704513182526,1.1302592217521599,1,1
39-3091,-0.20177334877436526,1.1935240907097957,2.010085299783927,-0.7955043980661819,2.022896504179668,1,1
39-3092,-0.906668774122674,-0.9856194233215831,0.17920135287649408,0.04501232990947907,0.05955183705856365,1,1
39-3093,-0.4794594254267293,0.030108685194365818,2.2548368611971648,-0.29052133376179506,1.6421370464895089,1,1
39-3099,,,,,,1,0
39-4011,-0.906668774122674,0.25341596277156847,0.43088080399592804,-0.6614019951688554,0.9450798566121692,1,1
39-4021,-0.906668774122674,0.7134272359461631,1.6523399492194637,-0.9236693659924569,1.9439222457616971,1,1
39-4031,-0.5542210614485196,-0.7513074811481782,1.1023121928448953,0.11236537044614536,0.5377304673783622,1,1
39-5011,-0.906668774122674,-0.43385767641815154,1.5776171757040443,-0.2695649666048976,1.2180140982451864,1,1
39-5012,-0.6930640997747017,0.5885796542792604,2.1235562660242184,-0.7307067398338423,2.022787963660493,1,1
39-5091,-0.906668774122674,0.13304766254586664,0.4333699392004746,-0.5927761169097395,0.8750562002145438,1,1
39-5092,-0.906668774122674,-0.26152127000938113,2.330290179391625,-0.3678195504417183,1.7674966220273376,1,1
39-5093,,,,,,1,0
39-5094,,,,,,1,0
39-6011,-0.7357850346442962,1.0227507193149612,1.8552545756944807,-1.0025983613561262,2.1466966812270942,1,1
39-6012,,,,,,1,0
39-7011,-0.2658547510787568,0.8675365328606773,2.1035147042262032,-0.6461831904722933,1.9228164083623194,1,1
39-7012,0.16135459761718784,1.252440002733376,2.2711088080942305,-0.6220632346008133,1.9972412621490734,1,1
39-9011,-0.7357850346442962,0.3989174845471893,1.4072971321372298,-0.6469307682864487,1.5100218101780816,1,1
39-9021,-0.5542210614485196,0.7938979459696069,1.6940475287613088,-0.7686064413005823,1.807135503509486,1,1
39-9031,0.16135459761718784,0.31049518760376954,1.1782308826190562,-0.08502989535218577,0.7884973047872068,1,1
39-9032,0.6953662834871187,-0.025170717785184676,1.5566698367655971,0.41080155188519724,0.4966872505828077,1,1
39-9041,-0.906668774122674,-0.28355659409641004,1.6276938524526505,-0.3552564963372647,1.3370443216807704,1,1
39-9099,,,,,,1,0
41-1011,0.5885639463131325,-1.0855312690223624,0.8810490896590459,0.9544560671402679,-0.47109249036392203,1,1
41-1012,0.5885639463131325,-1.0855312690223624,0.8810490896590459,0.9544560671402679,-0.47109249036392203,1,1
41-2011,1.0478139961612734,0.1808202715834705,1.4636159551921433,0.4943012876540518,0.35441097727682225,1,1
41-2012,,,,,,1,0
41-2021,0.5138023102913423,-0.5942957503541847,1.7894672231841116,0.6317627021934559,0.4047531224790828,1,1
41-2022,0.6953662834871187,-0.4458155206756515,1.9293207930631575,0.6506248191354825,0.46817750823420107,1,1
41-2031,0.5992441800305313,-0.015272905539536717,2.1258129103693966,0.3503561537664175,0.8977537254520079,1,1
41-3011,0.6953662834871187,-1.3635323405409552,1.1746732394379353,1.173844991210088,-0.5252556250927479,1,1
41-3021,0.6953662834871187,-1.5203522805938285,1.4168984662503394,1.2632531335074435,-0.4745223979485212,1,1
41-3031,0.33757845395426506,-1.3587223513883826,0.8533257157856409,0.9671161953770653,-0.5007517487276386,1,1
41-3041,1.4002617088354277,-1.2019514945138203,1.6704130091314213,1.4836062830700218,-0.5535164472826049,1,1
41-3099,,,,,,1,0
41-4011,0.26815693479117414,-0.3532015938573158,1.315165743300508,0.3542566827174461,0.4121416876024488,1,1
41-4012,1.0478139961612734,-0.351681336407989,1.5219001660448706,0.7978977532873055,0.07271203523681487,1,1
41-9011,-0.3726570882527431,0.1868221160054557,2.005203598810328,-0.3189772696626648,1.5234962627936792,1,1
41-9012,-0.906668774122674,-0.1678960371731444,1.3051444061652104,-0.42119833720329336,1.214146297261244,1,1
41-9021,,,,,,1,0
41-9022,0.3322383370955659,-1.132973937208882,1.3467020770377844,0.8353651166597534,-0.07039850792569118,1,1
41-9031,1.7633896552269805,-0.11551640212290591,1.1732230599612719,1.0712253816846424,-0.41919624834395935,1,1
41-9041,0.5885639463131325,0.3164452956447181,1.7693714012894468,0.15514368282836363,0.8894117304874957,1,1
41-9091,0.5885639463131325,0.3164452956447181,1.7693714012894468,0.15514368282836363,0.8894117304874957,1,1
41-9099,,,,,,1,0
43-1011,1.491043695433316,-0.7941359701749878,0.7076542064482962,1.3028551640106758,-0.9370960567196263,1,1
43-2011,0.8662500229654967,-0.9738363135053357,0.9677172565459673,1.049092997708932,-0.5182126348927607,1,1
43-2021,1.3148198390962387,-0.6078988106098729,1.5347187117900463,1.096204363888568,-0.23048326080405,1,1
43-2099,,,,,,1,0
43-3011,0.5885639463131325,-0.4190044326258103,1.3478679833901959,0.574447464832061,0.20214787379997065,1,1
43-3021,1.3219399949078376,-0.6530990255532902,-0.053305701827043084,1.1260339069424534,-1.2048958258565374,1,1
43-3031,1.7633896552269805,-1.0419610558169146,-0.4058844009525311,1.5994215753585512,-1.9075671604398705,1,1
43-3041,,,,,,1,0
43-3051,1.0478139961612734,-1.359061391664436,-1.0513551943064332,1.3722378486700681,-2.0542896616507456,1,1
43-3061,-0.020209375578588595,-1.2909366493528571,-0.11350324964545959,0.7244828997921737,-0.8222732365779217,1,1
43-3071,1.9342733947053585,-0.5109615550843184,1.5684166487858369,1.3941078810995045,-0.5208556017649412,1,1
43-3099,,,,,,1,0
43-4011,1.4429826437050222,-1.5464587566769428,0.9604036517881929,1.704377657744548,-1.2053075036614251,1,1
43-4021,0.8662500229654967,-1.2831597968741337,-0.17301168303012399,1.2254483643008762,-1.3795859963736858,1,1
43-4031,0.10083327321859568,-1.0257603829441952,0.9765024666856812,0.6423076420481983,-0.08915853686586483,1,1
43-4041,0.9623721264220841,-1.4993278446056488,0.5498594867041028,1.4034951245921672,-1.1356889161653116,1,1
43-4051,0.48176160913914623,-1.6817043810190109,1.413702863766288,1.2334622436300673,-0.4453811284856958,1,1
43-4061,0.28417728536727194,-1.3544516280872116,1.6921468804556232,0.9342355762749526,0.031791230721007535,1,1
43-4071,0.3322383370955659,-0.9653218686897425,-0.8849505439878376,0.7397812260298284,-1.296474935149154,1,1
43-4081,0.8662500229654967,-1.3675758364800294,1.874670085676946,1.2735766908307706,-0.21334898742352731,1,1
43-4111,1.870191992400967,-0.9859410316079854,1.5774041949855093,1.628374221700833,-0.7596021581354596,1,1
43-4121,1.6565873180529942,1.356743484074252,1.6228636442697144,0.1709507105175356,0.7859122906617168,1,1
43-4131,2.030395498161946,-1.3276032911153406,0.9400936605741963,1.914504198157614,-1.4363060503862248,1,1
43-4141,2.2974013410969114,-0.7921560527004178,1.4221415686195948,1.7614570379719858,-0.9904935515386,1,1
43-4151,1.2293779693570497,-1.2709131380689629,1.4997315684549597,1.4254971851295628,-0.5943615001828497,1,1
43-4161,3.00229676644522,-0.896459534041294,0.4384403229831035,2.222807622417676,-2.055528447223282,1,1
43-4171,1.6672675517703932,-0.7962755492426873,2.011392431345543,1.4045459528729771,-0.2685906633888507,1,1
43-4181,1.9396135115640578,-1.015424572069576,2.249468612231448,1.6847632092356484,-0.41912881060240054,1,1
43-4199,,,,,,1,0
43-5011,0.3322383370955659,0.18699685044670816,0.23657707051104554,0.08280688987256506,0.054255996300063246,1,1
43-5021,-0.906668774122674,1.6618378356571812,0.33281246145994914,-1.464389059079276,1.7234680081752654,1,1
43-5031,2.0837966667489387,-0.5122383161632829,1.8224786860684943,1.4800838788923907,-0.45951496453748686,1,1
43-5032,0.16135459761718784,-0.9862821576053292,1.3310740875572111,0.6543049964310339,0.10896711668763873,1,1
43-5041,-0.5542210614485196,0.9448384542715956,-1.0386337352898969,-0.8546625285567648,0.27350632013441945,1,1
43-5051,0.5885639463131325,0.3180884055951236,1.672026779633218,0.15420689246735136,0.8325622459223545,1,1
43-5052,-0.7357850346442962,2.2094185907818362,0.10404825509770092,-1.679156265128048,1.8113444043592837,1,1
43-5053,,,,,,1,0
43-5061,0.6953662834871187,-1.0459673131544387,0.014946948320824912,0.9927908526377589,-1.0255239375827272,1,1
43-5071,-0.20177334877436526,0.3424011176106054,-0.45339337553649356,-0.3102515414094086,0.05392661130433481,1,1
43-5081,0.1319839548943416,0.5219456557153201,-0.012252541724333627,-0.2223298339851778,0.22437023854107638,1,1
43-5111,-0.20177334877436526,0.322956377972124,-0.10114396485675708,-0.2991654636571392,0.25162227642323276,1,1
43-6011,1.9342733947053585,-0.8243285343921907,0.523992775397194,1.5727685760838561,-1.3274229040697763,1,1
43-6012,1.4002617088354277,-0.8082119715391267,0.4911109858411338,1.2591225899481835,-1.02016344627591,1,1
43-6013,1.7633896552269805,-0.9738363135053357,0.6763025968724973,1.560581446657375,-1.2242484923187942,1,1
43-6014,2.649849053771066,-0.6592670503215988,1.3847421045562693,1.8866345913245166,-1.1431341891493507,1,1
43-9011,3.1838607396409966,-0.3499435669528007,-0.3763338516278298,2.0147366348209315,-2.3227359203758966,1,1
43-9021,2.2974013410969114,-0.8047685720972197,-1.147543730457474,1.7686478450120677,-2.524453646392519,1,1
43-9022,2.649849053771066,-0.11675734057063002,-0.19578991343717123,1.5773321817536559,-1.759749665110656,1,1
43-9031,3.365424712836773,-0.33816045713655324,-0.9722165981346448,2.111534220557074,-2.777562399043479,1,1
43-9041,1.3148198390962387,-1.2643708353242133,0.8078941192874204,1.4704803914148101,-1.0522017299042918,1,1
43-9051,-0.6076222300355127,0.5195920939789465,-0.5904636811667666,-0.642661504953532,0.3188455108180157,1,1
43-9061,1.8488315249661695,-0.7484269396018882,0.6406751521215998,1.4807814255305691,-1.162267458880376,1,1
43-9071,-0.4794594254267293,0.028744181204990737,0.05093514785697345,-0.28974338570999614,0.33214470102401833,1,1
43-9081,0.5138023102913423,-1.4323946751894037,-0.8727726593661658,1.1095901258339933,-1.6745500510685742,1,1
43-9111,2.2974013410969114,-0.9866232836026728,-0.999431684110739,1.8723291237974193,-2.544497772007001,1,1
43-9199,,,,,,1,0
45-1011,-0.37265708825274313,0.07238952335473288,-0.0036527619293512206,-0.2537355311202218,0.2622007991008354,1,1
45-2011,-0.052250076730784474,-0.7154497829238485,0.2736541904934089,0.3781116972936085,-0.23140137901123672,1,1
45-2021,-0.906668774122674,-0.13227380692652688,-0.8403886905585727,-0.4415077278953502,-0.03920219326546048,1,1
45-2041,-0.906668774122674,0.11265829067034155,-1.1286751494441376,-0.5811514736316842,-0.06495594625203255,1,1
45-2091,-0.906668774122674,2.6764318854967346,-0.7851139332853762,-2.042842087128645,1.662085586496726,1,1
45-2092,-0.8212269043834851,2.0405992648774522,-0.5064407582792401,-1.6316200687572557,1.3991675176267362,1,1
45-2093,-0.906668774122674,2.1668527261372876,-1.0858500037467693,-1.7523144541221847,1.1807347454337245,1,1
45-2099,,,,,,1,0
45-3011,-0.906668774122674,2.3705518015698437,-0.05227116846394817,-1.8684499144212592,1.9157138511370677,1,1
45-3021,-0.906668774122674,0.7905920423674023,-1.0741095148900381,-0.9676635289192629,0.37017001790895876,1,1
45-4011,-0.906668774122674,1.5617018069675335,-0.7876268323911183,-1.4072982560911003,0.998410726189317,1,1
45-4021,-0.906668774122674,2.361069319104401,-0.8132276632031807,-1.8630436431185373,1.4580506652344853,1,1
45-4022,-0.906668774122674,1.9033637724136925,-1.05239909217827,-1.602090841867533,1.0440854502053434,1,1
45-4023,-0.906668774122674,0.5906264102633231,-1.0478476668119063,-0.8536566259468841,0.26698491233565935,1,1
45-4029,,,,,,1,0
47-1011,-0.372657088252743,-0.1603275537760777,0.015366442571302787,-0.12105596537034982,0.1352580403591009,1,1
47-2011,-0.906668774122674,1.098537091448774,-1.0152773853479096,-1.1432330053439477,0.5880463417344053,1,1
47-2021,-0.906668774122674,0.9421647866350279,-0.9337570428400148,-1.0540800744383558,0.543582096604638,1,1
47-2022,-0.906668774122674,1.7964301140414294,-0.9920990660558192,-1.541124489368606,1.0163837147829042,1,1
47-2031,-0.9066687741226739,0.8572096238570771,-0.9359723273250508,-1.0056443762740466,0.4918003127238711,1,1
47-2041,-0.906668774122674,1.0309752070328122,-0.7690867721932676,-1.1047137802141385,0.6941570078703351,1,1
47-2042,-0.7357850346442962,0.5472229797844698,-1.0088683183643306,-0.7314845489930599,0.16284696179108865,1,1
47-2043,-0.906668774122674,1.320680642612665,-1.135750995782888,-1.2698842604471225,0.6484412469264352,1,1
47-2044,-0.906668774122674,1.0901973810744336,-0.9701559823466485,-1.1384782655346073,0.6098957381546154,1,1
47-2051,-0.7357850346442962,1.4903863837102398,-0.7200312153893526,-1.2692126453016161,0.8946911359624617,1,1
47-2053,-0.7357850346442962,1.4903863837102398,-0.7200312153893526,-1.2692126453016161,0.8946911359624617,1,1
47-2061,-0.6930640997747017,1.6961576246323653,-0.6198075335796204,-1.3621729216558665,1.051083550696577,1,1
47-2071,-0.6930640997747017,2.2930793171602533,-1.0186945252566662,-1.7024973702426833,1.1687219293252111,1,1
47-2072,-0.906668774122674,1.062538858171753,-1.0980968040268035,-1.1227092431093737,0.5174651967709125,1,1
47-2073,-0.906668774122674,1.449202072828055,-0.7776887593378576,-1.343158502977014,0.937486113140165,1,1
47-2081,-0.8212269043834851,0.8231997486067456,-1.0651351346798883,-0.9375410559304116,0.34411602953704584,1,1
47-2082,-0.906668774122674,0.6964578580997398,-0.9587253021365857,-0.9139945724127688,0.382793153582355,1,1
47-2111,-0.6930640997747017,1.0700657476265556,-0.6135847557067572,-1.0052176032717346,0.6828632566233939,1,1
47-2121,-0.906668774122674,2.3694090294787418,-0.7894504238664943,-1.8677983829278775,1.4771290685358756,1,1
47-2131,-0.906668774122674,0.7528209125561319,-0.9441356449366112,-0.9461289807759633,0.42494113028895586,1,1
47-2132,-0.906668774122674,0.7528209125561319,-0.9441356449366112,-0.9461289807759633,0.42494113028895586,1,1
47-2141,-0.906668774122674,1.2434757553287776,-0.6428200147145516,-1.2258672461184486,0.8953946516393453,1,1
47-2142,-0.906668774122674,1.3276627655920032,-1.0589973869631237,-1.2738649955798094,0.6981827098104977,1,1
47-2151,-0.906668774122674,1.1302444036422217,-1.0708894188485025,-1.161310374073349,0.5738462412264645,1,1
47-2152,-0.9066687741226739,0.9130094527680993,-0.9251275428601434,-1.0374576714568065,0.5313891536098001,1,1
47-2161,-0.906668774122674,1.0180663814253303,-0.6295609441779072,-1.0973540393775054,0.7693711941017649,1,1
47-2171,-0.906668774122674,1.0220726387628543,-1.0759139742502732,-1.099638136833431,0.5066043309582721,1,1
47-2181,-0.906668774122674,0.7804092061666404,-0.9660431726669623,-0.9618579632002515,0.428315670632842,1,1
47-2211,0.6953662834871187,0.9454334516356824,-1.1164877687703316,-0.14257141627643335,-0.5146790649804381,1,1
47-2221,-0.906668774122674,2.118727805956081,-0.5527294767954427,-1.7248768737343874,1.4688362578318983,1,1
47-2231,-0.806986592760287,0.7780884497734989,-0.7421788868676645,-0.9037027747049634,0.5007048596980761,5,3
47-3011,-0.906668774122674,1.7062663644800509,-0.2901838045368646,-1.489719206672229,1.3797819257081123,1,1
47-3012,-0.7357850346442962,1.8809724643407684,-0.16235135770518697,-1.491898458499903,1.4579887146838866,1,1
47-3013,-0.906668774122674,1.2456800028228145,-0.16449404636771736,-1.2271239592222731,1.1808435918034466,1,1
47-3014,-0.906668774122674,0.6699991679823288,-0.5111303853108716,-0.8989096136363434,0.6329603347828866,1,1
47-3015,-0.906668774122674,0.954289022448619,-0.06999595601443138,-1.0609924951452043,1.063883482054745,1,1
47-3016,,,,,,1,0
47-3019,,,,,,1,0
47-4011,-0.20177334877436526,-0.20347400752733097,-0.015001509072371556,0.000969600802889798,-0.009921574017656115,1,1
47-4021,-0.5542210614485196,0.8736905754409436,-0.9747630104340798,-0.8140988115160543,0.269183478779079,1,1
47-4031,-0.906668774122674,1.4051547677125347,-0.6607712319901922,-1.3180457034041042,0.9807731469623556,1,1
47-4041,-0.6930640997747017,1.8119343498103022,-0.8524010909766444,-1.4281809938177406,0.9816909509161119,1,1
47-4051,-0.906668774122674,2.46363920243267,-0.842847003335231,-1.9215220657027126,1.5013854120481005,1,1
47-4061,-0.906668774122674,1.694886537755118,-1.1294454063719837,-1.483231197769796,0.8744761483861871,1,1
47-4071,-0.906668774122674,1.5805143106403778,-0.7400236611798953,-1.418023875580459,1.037863570944908,1,1
47-4091,,,,,,1,0
47-4099,,,,,,1,0
47-5011,-0.906668774122674,1.723397875651158,-1.0374602151244399,-1.4994864377274038,0.9460545952842672,1,1
47-5012,-0.906668774122674,1.6559512138916856,-0.8827778191865361,-1.4610329047771977,0.9978751614938156,1,1
47-5013,-0.906668774122674,0.8791295619673116,0.282012034103052,-1.0181416450846856,1.2283395698625632,1,1
47-5021,-0.8212269043834851,2.1347910604733595,-0.9401102923352264,-1.6853218713535512,1.1975078561564045,1,1
47-5031,-0.6930640997747017,1.7167162303250805,-0.7911740586793133,-1.373894050630854,0.9614992553828138,1,1
47-5041,-0.906668774122674,1.682075878504259,-0.7287285050107096,-1.4759274247621186,1.1049037511534707,1,1
47-5042,-0.906668774122674,1.3645874192023726,-0.6952044218779707,-1.294916940142238,0.936220643307687,1,1
47-5049,,,,,,1,0
47-5051,-0.906668774122674,0.937983794856251,-0.8426633049829746,-1.051696355201026,0.5952107984780026,1,1
47-5061,-0.906668774122674,0.7088038258116045,-1.147543730457474,-0.9210334096780348,0.2779633735010992,1,1
47-5071,-0.906668774122674,1.1631032116619564,-1.0152773853479096,-1.1800442479809619,0.6264004971606358,1,1
47-5081,-0.6930640997747017,1.6218392368372023,-0.05957301425840662,-1.3198015944569166,1.3397318816033759,1,1
47-5099,,,,,,1,0
49-1011,-0.4794594254267293,-0.3460505488200222,0.19197225315508978,-0.07606073449180789,0.19328586544214355,1,1
49-2011,0.8698101008712961,0.23399791730764438,-0.602347981469831,0.3624971809279158,-0.7355031904575507,1,1
49-2021,-0.7357850346442962,-0.2733043798256287,-0.5891614342636401,-0.2636752455195444,-0.07525207164850681,1,1
49-2022,-0.4474187242745334,0.5661833869029038,-0.47216066514636656,-0.5778874915938463,0.32163198449453684,1,1
49-2091,-0.4794594254267293,0.22826578203108835,-1.0764802558523014,-0.40349713202593895,-0.21905123606051155,1,1
49-2092,-0.8425873718182824,0.7412499670166862,-0.7817033494691575,-0.9029971196180626,0.47649094601346903,1,1
49-2093,-0.6930640997747017,0.31842953159246723,-0.5883720835464703,-0.5766853787576598,0.25134651974936156,1,1
49-2094,0.8662500229654967,0.020229736389397717,-0.41105513510533526,0.48234364930341306,-0.7467394036759881,1,1
49-2095,-0.906668774122674,0.10464577599529316,-0.8643961434394093,-0.576583278719833,0.08727381149925548,1,1
49-2096,-0.6930640997747017,0.31842953159246723,-0.5883720835464703,-0.5766853787576598,0.25134651974936156,1,1
49-2097,-0.5542210614485196,1.290248859426006,0.15998362484776862,-1.0515922215831774,1.1907037713193025,1,1
49-2098,,,,,,1,0
49-3011,-0.636102853281909,0.869319818151947,-0.9894135105719041,-0.8582903703434823,0.3065244665733742,1,1
49-3021,-0.7357850346442962,1.9614431743642124,-0.2088349678816,-1.5377774244663456,1.478178041620612,1,1
49-3022,-0.7357850346442962,1.1800353509068295,-0.6008672171151791,-1.0922714393958934,0.781120470517439,1,1
49-3023,0.24679646735637686,2.1384768968356056,-0.0760340993953587,-1.0785084662255144,1.0785467875903736,1,1
49-3031,-0.3726570882527431,1.1157421314915223,-0.9154512353229037,-0.8485847475091548,0.34034778569761115,1,1
49-3041,-0.906668774122674,2.0683880178827336,-0.7122053435520092,-1.6961765252087915,1.3441996495049227,1,1
49-3042,-0.5542210614485196,0.8882068646785218,-0.9368900311117223,-0.8223750195884804,0.30030422976086185,1,1
49-3043,-0.8105466706660863,0.9927069727938393,-0.9638543080212316,-1.0280934828717012,0.4986276466634767,1,1
49-3051,-0.906668774122674,0.26317134603488557,-0.9409642907908182,-0.6669638560819373,0.13595890699108704,1,1
49-3052,-0.7357850346442962,0.8866164573482929,-0.6296360798686573,-0.9249837961333771,0.5897315618882888,1,1
49-3053,-0.906668774122674,0.8867911917895454,-0.7765876178176511,-1.0225097891430561,0.6040517837943776,1,1
49-3091,-0.906668774122674,0.34296397550622243,0.1149018302986617,-0.7124562262974092,0.8105732726421809,1,1
49-3092,-0.906668774122674,0.47538193723310884,-0.5238244645276002,-0.7879520080252401,0.5098113802259726,1,1
49-3093,-0.7357850346442962,1.2690205057458666,-0.31749722676666337,-1.1430047669530805,1.0023102688997216,1,1
49-9011,-0.906668774122674,0.8449311711839002,-0.8702583638393501,-0.9986440315256387,0.5235425620679027,1,1
49-9012,-0.8354672160066832,0.7999031184034328,-0.7243056811532451,-0.9323777545031309,0.5411989321796749,1,1
49-9021,-0.8212269043834851,0.48379039552730063,-0.6469087322292741,-0.7440327576429043,0.39093565183799245,1,1
49-9031,-0.906668774122674,0.6396786815161222,0.09865111873888677,-0.8816229193066449,0.9771770518236549,1,1
49-9041,1.4002617088354277,0.8741552669799384,-0.7901674084595876,0.2999503736649282,-0.781904994008916,1,1
49-9043,-0.4794594254267293,1.426348627942916,-0.6991635056184103,-1.0865630835572904,0.7167819961282975,1,1
49-9044,0.16135459761718784,1.6558359912351959,-0.6975972943973396,-0.8520523924208763,0.47337235840231,1,1
49-9045,-0.906668774122674,1.6639028008116616,-1.0132914584817063,-1.4655663627965752,0.9250697336527874,1,1
49-9051,-0.906668774122674,2.280986732535322,-1.028160669917364,-1.8173859589420576,1.282802812636434,1,1
49-9052,-0.7357850346442962,0.7943626375086015,-0.3665218556054812,-0.8723868964730357,0.691227617184933,1,1
49-9061,-0.7357850346442962,0.10865203333281737,0.29704588643046376,-0.4814410049474838,0.6780741123237319,1,1
49-9062,-0.20177334877436526,0.4150949751553256,0.007637816214353461,-0.3516966711378774,0.37097483145393695,1,1
49-9063,-0.906668774122674,-0.2113037950749417,-0.7595312447526115,-0.39645016427334234,-0.038116630205438144,1,1
49-9064,-0.906668774122674,-0.33662406096702413,-0.35577203649044264,-0.32500100951761435,0.12728420907554985,1,1
49-9069,,,,,,1,0
49-9071,-0.5542210614485196,1.5751905467704996,-0.9322034498955455,-1.2140467341914312,0.7111765060418589,1,1
49-9081,,,,,,1,0
49-9091,-0.906668774122674,0.404562289222035,-0.483845829677831,-0.7475754260377208,0.4914909203875078,1,1
49-9092,-0.6930640997747017,0.8405590532547448,-0.746085182994906,-0.8743683810256853,0.4678204855275761,1,1
49-9093,-0.7357850346442962,0.2011958102702509,-0.9521110957971646,-0.5342032185688325,-0.00898780958300929,1,1
49-9094,-0.906668774122674,0.09640423197757504,-0.5526097224045332,-0.5718845067394481,0.26758830698872005,1,1
49-9095,-0.906668774122674,0.47538193723310884,-0.5238244645276002,-0.7879520080252401,0.5098113802259726,1,1
49-9096,-0.7357850346442962,2.050428329203249,-0.7144417748066269,-1.5885107520235322,1.230692649199951,1,1
49-9097,-0.7357850346442962,0.6413571640521325,-0.9587253021365857,-0.7851535054995541,0.24855181991159392,1,1
49-9098,-0.6930640997747017,1.3199983906179773,-0.26920285076092165,-1.1477123223858794,1.0359034031955208,1,1
49-9099,,,,,,1,0
51-1011,0.5885639463131325,-0.4399041643158688,0.13340780190736704,0.5863630808199978,-0.5316918855153767,1,1
51-2011,-0.8354672160066832,0.46847503019653636,-1.1459749977119404,-0.7434198345998846,0.09383714525333216,1,1
51-2021,-0.906668774122674,0.32280164952162277,-1.1788329131964255,-0.7009610292576135,0.030080155655976687,1,1
51-2022,0.6953662834871187,0.27857258973429255,0.11891518022142393,0.23762762482327793,-0.17694851058721822,1,1
51-2023,-0.4794594254267293,0.1377609064723657,-1.0229846926724597,-0.35189736231661195,-0.241035845241159,1,1
51-2031,-0.7357850346442962,1.259653245936914,-0.9034346333088218,-1.1376641878299616,0.6486819631597535,1,1
51-2041,-0.8212269043834851,1.0633057873168066,-0.9878908993072347,-1.0744333087153928,0.5326313328654346,1,1
51-2091,,,,,,1,0
51-2092,,,,,,1,0
51-2093,-0.906668774122674,-0.2655275273469053,-0.983167057484307,-0.36553545298579265,-0.20317329058002565,1,1
51-2099,,,,,,1,0
51-3011,-0.906668774122674,-0.20292554377501518,-0.9324931265741594,-0.40122687751640496,-0.13588409903889545,1,1
51-3021,-0.7357850346442962,0.03201284620564527,-0.0038908165173121667,-0.4377465146555631,0.4537830394620364,1,1
51-3022,-0.906668774122674,0.7888864123806837,-0.8662275833506189,-0.9666910938545143,0.4926447444195218,1,1
51-3023,-0.906668774122674,1.2473072782250494,-0.9589798189100558,-1.2280517217929705,0.7098625582534329,1,1
51-3091,-0.7357850346442962,0.6402314482608981,-1.072818970128462,-0.7845116983568201,0.1801081510161895,1,1
51-3092,-0.906668774122674,0.32628455475754126,-0.7176458438245474,-0.7029467466787285,0.30610765071322665,1,1
51-3093,-0.6930640997747017,0.3988256673035048,-0.9954720003600895,-0.6225218274859685,0.05727496089817199,1,1
51-3099,,,,,,1,0
51-4011,1.0157732950090772,0.773961523325861,-1.053143155027278,0.1378647465656426,-0.7692409326288867,1,1
51-4012,1.7633896552269805,-0.34131389948071794,-1.0410164233633477,1.1999598702155487,-1.8686492632354585,1,1
51-4021,-0.906668774122674,0.4913460388281331,-1.1083114977709105,-0.797053660956469,0.17209220472311126,1,1
51-4022,-0.20177334877436526,0.4921988538214925,-0.9046510743612955,-0.39565609717220956,-0.12514938432160463,1,1
51-4023,-0.6930640997747017,0.6646036720611423,-0.8757804522022131,-0.7740505020975407,0.286255099332798,1,1
51-4031,-0.906668774122674,0.7491471597503125,-1.1504337806421756,-0.9440344549553484,0.300211714606015,1,1
51-4032,-0.7357850346442962,0.7975160798527663,-1.0299938244310938,-0.8741847763965871,0.29897918547076935,1,1
51-4033,-0.6930640997747017,0.3988256673035048,-1.0980054305641944,-0.6225218274859685,-0.0036328821849854415,1,1
51-4034,-0.6930640997747017,0.7753260273152363,-0.9714012456142406,-0.8371769137689051,0.29522586679035995,1,1
51-4035,-0.6930640997747017,0.4940437867887265,-1.0328870819136395,-0.676808770672855,0.09161164852350333,1,1
51-4041,1.4963838122920152,0.8015223371902906,-0.7928049601207757,0.39616310031682783,-0.8837171800089135,1,1
51-4051,-0.6930640997747017,0.5896030322712918,-0.9107510309087433,-0.7312902008726915,0.2209289934324316,1,1
51-4052,-0.906668774122674,1.7488444597116242,-0.8869048105400712,-1.5139943619613543,1.0506049013197136,1,1
51-4061,-0.7357850346442962,0.3424011176106054,-1.031617980315385,-0.6147089514977676,0.027662850092067048,1,1
51-4062,-0.7357850346442962,0.6600643113537439,-1.1182901988313279,-0.7958190578990522,0.16487821531253447,1,1
51-4071,-0.7357850346442962,0.9506197196658581,-0.9760251959317564,-0.9614741351990245,0.4219861423251397,1,1
51-4072,-0.7443292216182151,0.7524572710893319,-1.0662595527292655,-0.853366604295575,0.25574553831926056,1,1
51-4081,-0.7998664369486879,0.5335396056126469,-1.0882621063385587,-0.7602181020684124,0.1456226361541024,1,1
51-4111,-0.906668774122674,0.7641939094755192,-1.1670637291861996,-0.9526130957843807,0.2992712484084635,1,1
51-4121,-0.906668774122674,0.5567606400573917,-1.1152600940677124,-0.8343486501846146,0.20682271405101066,1,1
51-4122,-0.19643323191566595,0.6047198091765403,-1.0085322130623988,-0.45676337508980386,-0.1231892665634232,1,1
51-4191,-0.7642656578906925,0.49247270547989325,-0.8706086194538764,-0.7165073675254495,0.22937231111260706,1,1
51-4192,-0.7357850346442962,0.020229736389397717,-1.0453769195714384,-0.431028580961664,-0.1718895418036708,1,1
51-4193,-0.8532676055356809,0.557597186275515,-1.1128829801471054,-0.8043798513508813,0.17700987268584345,1,1
51-4194,-0.906668774122674,0.5590060896007174,-0.93800863318355,-0.8356288539152339,0.3134491053895824,1,1
51-4199,,,,,,1,0
51-5111,0.08084206651679816,-0.10287641866542185,-0.9782690777391672,0.10474387670527346,-0.6902544468288259,1,1
51-5112,-0.5838883773301825,0.25669121746618634,-0.9673246648612914,-0.4792417341727598,-0.07529026214875474,2,2
51-5113,-0.7785059695138906,0.37777725715655125,-1.0645039586007694,-0.6592346306939053,0.0545195576383913,3,3
51-6011,-0.8354672160066832,-0.0034849631301270834,-0.7658865038472449,-0.4743401102498934,0.039262799482347545,1,1
51-6021,-0.8497075276298814,0.5941497576916918,-0.9474861143594858,-0.8231899436996338,0.29485892875894054,1,1
51-6031,-0.7998664369486879,0.14334487670784452,-1.0781281671071112,-0.5377554112024658,-0.08014453942371111,1,1
51-6041,-0.7357850346442962,0.1808202715834705,-0.6919383668294041,-0.5225864620410674,0.13345870379649982,1,1
51-6042,-0.906668774122674,0.21378492425424786,-1.0389745349012942,-0.6388070526509977,0.04840099559374526,1,1
51-6051,-0.906668774122674,0.22321141210724554,-1.164167677086586,-0.6441813996061166,-0.020367767943156548,1,1
51-6052,-0.8212269043834851,-0.0768034145067167,0.29340590623116947,-0.4244200150182155,0.6165008805362265,1,1
51-6061,-0.15905241390477076,-0.05906294639313874,-0.8203272002345532,-0.057007243699383196,-0.42790158784533316,1,1
51-6062,-0.7357850346442962,0.5686633065074121,-0.9082301433389061,-0.7437083757710853,0.23536514647987924,1,1
51-6063,-0.7357850346442962,0.5686633065074121,-0.9082301433389061,-0.7437083757710853,0.23536514647987924,1,1
51-6064,-0.7357850346442962,0.5686633065074121,-0.9082301433389061,-0.7437083757710853,0.23536514647987924,1,1
51-6091,-0.906668774122674,0.3422263831693528,-0.8702024445906837,-0.7120357009446382,0.22495449802112671,1,1
51-6092,-0.906668774122674,-0.11675734057063002,-0.9918276826596775,-0.45035416943481527,-0.1199441313150871,1,1
51-6093,-0.3726570882527431,0.9543360199056399,-1.0106420532718319,-0.7565618798338586,0.18792173803086126,1,1
51-6099,,,,,,1,0
51-7011,-0.906668774122674,0.2541535551084381,-1.1018512278139867,-0.6618225205216266,0.03503055134706152,1,1
51-7021,-0.906668774122674,0.5712538909559598,-0.8134129706207484,-0.8426117233515444,0.3947381075295135,1,1
51-7031,-0.7357850346442962,-0.05779281816782928,-1.144639689893765,-0.38654538795761256,-0.2772021869303931,1,1
51-7032,-0.7357850346442962,-0.05779281816782928,-1.144639689893765,-0.38654538795761256,-0.2772021869303931,1,1
51-7041,-0.906668774122674,0.740132870515465,-0.8758550987681275,-0.9388951158231753,0.45796469646904536,1,1
51-7042,-0.8212269043834851,0.7647414644971893,-1.0586761940885874,-0.9042120890760419,0.31322690538375775,1,1
51-7099,,,,,,1,0
51-8011,-0.20177334877436526,0.10087518085409396,-0.9953956156372721,-0.17254975862115138,-0.4115119403198331,1,1
51-8012,0.5138023102913423,-0.1245341930493534,-0.5038293352457035,0.36393637763819303,-0.6784797654099972,1,1
51-8013,-0.11099136217647684,-0.35764418880250437,-1.026009273258924,0.14062478925568736,-0.7559983443777447,1,1
51-8021,-0.8212269043834851,0.07234016033141036,-1.1514805617543002,-0.5094516121312336,-0.1532081270999512,1,1
51-8031,-0.2658547510787568,-0.33662406096702413,-0.6089569791019912,0.040347882588416546,-0.40377720775460973,1,1
51-8091,0.16135459761718784,-0.20965058639056858,-1.0293222964719655,0.2115221079260596,-0.8318352977785933,1,1
51-8092,-0.645003048046408,-0.32741334054298643,-1.1481822899192968,-0.1810682095087383,-0.49339617893516413,1,1
51-8093,-0.4224981789339366,0.00362637157406262,-0.9587072014069986,-0.24294744938284282,-0.3163696022379795,1,1
51-8099,,,,,,1,0
51-9011,-0.47945942542672926,0.2845477174768849,-0.651786579860905,-0.43558529180595,0.06666228205671856,1,1
51-9012,-0.6930640997747017,-0.15629656184426635,-1.0802591667429702,-0.3060286108750254,-0.32284985276341893,1,1
51-9021,-0.6930640997747017,0.6804490338273581,-1.036279749997109,-0.7830844575949681,0.20032644933584096,1,1
51-9022,-0.6930640997747017,1.244997750828127,-1.082898447126415,-1.1049520211610302,0.5079919620919409,1,1
51-9023,-0.6930640997747017,0.6804490338273581,-1.036279749997109,-0.7830844575949681,0.20032644933584096,1,1
51-9031,-0.6930640997747017,0.7689071534020182,-1.1334979582066427,-0.8335173052265968,0.19512270161272938,1,1
51-9032,-0.7998664369486879,0.850770608860964,-0.988160163400174,-0.941081802628402,0.39353055798186365,1,1
51-9041,-0.6930640997747017,0.44407810508286616,-1.0507159666511496,-0.648321712340632,0.05133970203147823,1,1
51-9051,-0.4794594254267293,1.0559260158470585,-0.940345283927098,-0.8753731188037122,0.35347117968943714,1,1
51-9061,0.9281953785264087,0.3245968244605878,-0.5735359568471272,0.34413114425499475,-0.6992521749807297,1,1
51-9071,-0.7642656578906925,0.25326599529437205,-1.0260494456371836,-0.5801278511480136,-0.005059816735437786,1,1
51-9081,-0.906668774122674,-0.10870758729403174,-0.753086712156074,-0.45494359528314837,0.026656744598860475,1,1
51-9082,-0.4794594254267293,0.9600256443671495,0.6814256390489898,-0.8206972015909262,1.2598827171824991,1,1
51-9083,-0.15905241390477073,-0.30347832474205644,-1.1448808994096695,0.0823419036074847,-0.7658857869891491,1,1
51-9111,-0.20177334877436526,0.87798678987621,-1.1192505562229396,-0.6156063322746703,-0.023458457909756283,1,1
51-9121,-0.5862617626007155,0.3167551616239055,-1.0980054305641942,-0.5148392840271078,-0.11582885039063605,1,1
51-9122,-0.906668774122674,1.611730496989517,-0.8458365011630183,-1.4358212375112418,0.9935509866002419,1,1
51-9123,-0.7998664369486878,0.3584570364493141,-1.1362933767085424,-0.660397841633011,0.013086518900200258,1,1
51-9141,-0.20177334877436526,0.18912274335626114,-1.1670637291861996,-0.22286256082556707,-0.4610661766596527,1,1
51-9151,-0.0629303104481832,-0.19292520330515228,-1.0348740185000094,0.07411431144895671,-0.6919660516979261,2,2
51-9191,-0.906668774122674,1.4462249816409438,-0.9805311492410218,-1.3414611665770655,0.8152233483740886,1,1
51-9192,-0.4794594254267293,0.2090716803277486,-1.1363940103062566,-0.39255395110275076,-0.2660436060600536,1,1
51-9193,-0.906668774122674,0.784705420601907,-1.0235335544741702,-0.9643073746171845,0.39671678631989216,1,1
51-9194,-0.8408073328653826,0.03511930211743383,-0.9985348598013313,-0.49939423007165323,-0.07283285561679798,1,1
51-9195,-0.8151239136878287,0.649392723450605,-1.0537884094632572,-0.8349685113128482,0.2439845267174286,1,1
51-9196,-0.821226904383485,0.45077235152551265,-1.1128358073196192,-0.7252080981289618,0.09454772294224836,1,1
51-9197,-0.906668774122674,0.8647880071709861,-1.1294454063719837,-1.009965058793664,0.38137345062475214,1,1
51-9198,-0.906668774122674,1.0397395280834991,-0.4858123573775779,-1.1097106043640221,0.8676365204833915,1,1
51-9199,,,,,,1,0
53-1011,,,,,,1,0
53-1021,-0.052250076730784474,0.11959018276105723,0.4999427361236922,-0.09797171436158568,0.3990586601992599,1,1
53-1031,0.3749592719651604,0.5119359045390044,0.52122132228758,-0.07809482807126254,0.3909887504256131,1,1
53-2011,0.16135459761718784,1.6991827521903846,0.033000103252465655,-0.8767657890100109,0.9331177241196478,1,1
53-2012,0.16135459761718784,1.6991827521903846,0.033000103252465655,-0.8767657890100109,0.9331177241196478,1,1
53-2021,0.3322383370955659,-1.0459673131544387,0.6483601327092839,0.7857598137776749,-0.4335494888723269,1,1
53-2022,,,,,,1,0
53-2031,-0.906668774122674,0.2541535551084381,2.2834233494061658,-0.6618225205216266,2.04598222176599,1,1
53-3011,-0.906668774122674,2.0583105380532047,2.0904339697551584,-1.690431026579641,3.003062691684323,1,1
53-3021,-0.906668774122674,0.994064646977669,0.837342359748471,-1.0836698708453893,1.6264967404070807,1,1
53-3022,-0.906668774122674,0.8463220096360058,1.1634559522049635,-0.9994369937101453,1.7324542815046573,1,1
53-3031,-0.7357850346442962,1.3812296013495038,0.9095813584417715,-1.2069788175961622,1.797886148334621,1,1
53-3032,-0.7357850346442962,2.0308524913926562,-0.02809817384908242,-1.5773499309444696,1.6267721152806303,1,1
53-3033,-0.7357850346442962,1.6053214687205972,0.32028432896129394,-1.33474087106232,1.5809436480921297,1,1
53-3041,-0.906668774122674,1.1683540010878712,1.4960668522492273,-1.1830378936105124,2.121331220775869,1,1
53-3099,,,,,,1,0
53-4011,-0.906668774122674,1.6908802804175942,-0.2623220287623491,-1.4809471003138703,1.3871928498490418,1,1
53-4012,-0.906668774122674,0.5828301268624854,-0.5041954639955795,-0.8492117115089779,0.5852989313826205,1,1
53-4013,-0.6930640997747017,1.6380257246007621,-0.7744702963088522,-1.329030036967294,0.9246773249166511,1,1
53-4021,-0.906668774122674,0.8531949780643518,-0.02345313386724457,-1.0033554962873024,1.03147846763753,1,1
53-4031,0.16135459761718784,0.22020379816746535,1.340851589702661,-0.033551841016587786,0.8314630255360798,1,1
53-4041,-0.7357850346442962,1.16359707992478,0.7907063493040533,-1.0828994470931923,1.5979908768412314,1,1
53-4099,,,,,,1,0
53-5011,-0.906668774122674,2.325711655724338,-0.376224427089945,-1.8428850905918566,1.6966398304499646,1,1
53-5021,-0.23025397202076156,1.2838693889351487,-0.1451617755813698,-0.8632509160917504,0.8132030427820888,1,1
53-5022,-0.906668774122674,1.7594526579683005,0.6575827430366118,-1.5200424404068102,1.9743770587848906,1,1
53-5031,-0.7357850346442962,0.6501615659654676,-0.7962332071682517,-0.7901731810513059,0.35030692682642706,1,1
53-6011,-0.906668774122674,0.7306322759889113,0.14446569629715436,-0.933478518246023,1.0584213283903856,1,1
53-6021,-0.906668774122674,1.1397409031945425,0.6246571079652681,-1.1667246369726616,1.5866914458900676,1,1
53-6031,-0.6930640997747017,1.2463622548175017,1.5652715494107454,-1.105729969212829,2.0818926038654726,1,1
53-6041,0.6953662834871187,-0.7392344142341882,-0.4070378916214995,0.817912462397999,-1.093986946426069,1,1
53-6051,-0.3922375167346405,0.17109148482503586,-0.3885695374737674,-0.32117216416925903,0.10381221026793575,1,1
53-6061,-0.6930640997747017,0.29957655588647125,2.526820752248864,-0.5659366848474214,2.0906625550661735,1,1
53-6099,,,,,,1,0
53-7011,-0.906668774122674,1.435012788864757,-0.8572647637186216,-1.3350687312345912,0.8817868016303614,1,1
53-7021,-0.906668774122674,1.2514166247413447,-0.8020603838984842,-1.2303945937386822,0.8055183432754257,1,1
53-7031,-0.906668774122674,1.5111872844529344,-0.6085047893614535,-1.3784982857841006,1.0748073381358076,1,1
53-7032,-0.906668774122674,1.7298044742162986,-0.8008068975506905,-1.5031390476949946,1.0904392628265829,1,1
53-7033,-0.906668774122674,1.8393605100961274,-0.8678667858491184,-1.5656005028018858,1.1156832118817765,1,1
53-7041,-0.906668774122674,1.8941712470459926,-0.9199242702302882,-1.5968498845258186,1.1173187240760782,1,1
53-7051,-0.906668774122674,2.145705285562013,-1.0262763124302892,-1.7402576112516825,1.2035610572596378,1,1
53-7061,-0.906668774122674,1.3376099395964403,-0.8388590514505504,-1.2795362026249428,0.8348602020339985,1,1
53-7062,-0.7642656578906925,1.5292414223385273,-0.9046998305840496,-1.3076028936115476,0.8249919452197655,1,1
53-7063,-0.6930640997747017,0.6743712859114843,-1.010839958265828,-0.7796193360656097,0.2118280671411802,1,1
53-7064,-0.906668774122674,1.1342753955740335,-1.0360784828016807,-1.1636085735250095,0.5969194774349925,1,1
53-7071,-0.906668774122674,-0.3679684085448319,-1.048892593755316,-0.30713057870690524,-0.3030690391828519,1,1
53-7072,-0.6930640997747017,0.12901667061405508,-0.9837239465501363,-0.46869495342273576,-0.09602075332408347,1,1
53-7073,-0.7357850346442962,-0.4468430701102635,-1.1697265602340041,-0.1647352005875412,-0.523211696303987,1,1
53-7081,-0.906668774122674,2.5958459528168008,-0.905906707854257,-1.996897428982599,1.542460770697782,1,1
53-7111,-0.906668774122674,1.4694771638516708,-1.0035652004798248,-1.3547179910288525,0.8153529245228927,1,1
53-7121,-0.052250076730784474,0.30497205180765785,-0.802580936413329,-0.20366394024484966,-0.2645560997203399,1,1
53-7199,,,,,,1,0
55-1011,,,,,,1,0
55-1012,,,,,,1,0
55-1013,,,,,,1,0
55-1014,,,,,,1,0
55-1015,,,,,,1,0
55-1016,,,,,,1,0
55-1017,,,,,,1,0
55-1019,,,,,,1,0
55-2011,,,,,,1,0
55-2012,,,,,,1,0
55-2013,,,,,,1,0
55-3011,,,,,,1,0
55-3012,,,,,,1,0
55-3013,,,,,,1,0
55-3014,,,,,,1,0
55-3015,,,,,,1,0
55-3016,,,,,,1,0
55-3017,,,,,,1,0
55-3018,,,,,,1,0
55-3019,,,,,,1,0
