release,member,size_bytes,suffix
40,Ability.TXT,4364095,.txt
40,Interest.TXT,343602,.txt
40,Knowledge.TXT,2702173,.txt
40,Readme.TXT,1046,.txt
40,Skills.TXT,2854690,.txt
40,Tasks.TXT,1464095,.txt
40,WorkActivity.TXT,5190093,.txt
40,WorkContext.TXT,2429820,.txt
40,WorkValue.TXT,1120264,.txt
40,job_zone_reference.TXT,4462,.txt
40,onet_content_model_reference.TXT,80945,.txt
40,onetsoc_data.TXT,283368,.txt
40,onetsoc_job_zones.TXT,12626,.txt
40,scales_reference.TXT,1476,.txt
50,Readme.txt,1027,.txt
50,Tasks.txt,2385045,.txt
50,db_50/Ability.txt,6408417,.txt
50,db_50/EducTrainExp.txt,154036,.txt
50,db_50/Interest.txt,521814,.txt
50,db_50/Knowledge.txt,4013957,.txt
50,db_50/Skills.txt,4228779,.txt
50,db_50/Survey_Booklet_Location_Reference.txt,10015,.txt
50,db_50/WorkActivity.txt,6817406,.txt
50,db_50/WorkContext.txt,4690255,.txt
50,db_50/WorkStyles.txt,52005,.txt
50,db_50/WorkValue.txt,1654876,.txt
50,db_50/job_zone_reference.txt,4455,.txt
50,db_50/onet_content_model_reference.txt,80888,.txt
50,db_50/onetsoc_data.txt,283314,.txt
50,db_50/onetsoc_job_zones.txt,12625,.txt
50,db_50/scales_reference.txt,1844,.txt
