block,cluster_id,task_family,integrated,scalable,ai,pre_skill_mean_latent,pre_skill_sd_latent
0,B000_M00,professional_writing,0,1,0,-0.03477370747188409,0.8872525848610835
0,B000_M01,professional_writing,0,0,1,-0.22576830352737126,0.9413782663432521
0,B000_M02,professional_writing,1,0,0,-0.039500500055604085,1.1618437824817531
0,B000_M03,professional_writing,0,1,1,-0.04211470567734535,0.8658929716717915
0,B000_M04,professional_writing,1,1,0,-0.08860209030280364,1.026481044728471
0,B000_M05,professional_writing,0,0,0,-0.10655214615394054,1.0096934472362984
0,B000_M06,professional_writing,1,1,1,0.058571971345770614,0.9265104044833714
0,B000_M07,professional_writing,1,0,1,-0.1910959422564957,1.057433208974002
1,B001_M00,marketing_copy,0,1,0,-0.1666643647766356,1.0036208072826942
1,B001_M01,marketing_copy,1,0,0,0.1101234787378597,1.0522246163659619
1,B001_M02,marketing_copy,0,0,1,0.12236302612629175,1.0533732428168643
1,B001_M03,marketing_copy,1,0,1,0.11908617770123019,0.9402710935335682
1,B001_M04,marketing_copy,1,1,0,0.08037968963227808,1.0217419523514832
1,B001_M05,marketing_copy,1,1,1,-0.0471949689847083,1.0328331848734844
1,B001_M06,marketing_copy,0,1,1,-0.07860038064839685,0.8253791924250704
1,B001_M07,marketing_copy,0,0,0,0.09384173606549673,0.9746880216118342
2,B002_M00,analytical_explanation,0,1,1,-0.1019256284347594,1.0485702118224611
2,B002_M01,analytical_explanation,1,0,0,-0.03357287303479505,1.0036033773686062
2,B002_M02,analytical_explanation,0,1,0,0.02428142363411101,1.1056316216969995
2,B002_M03,analytical_explanation,0,0,0,0.19537603733156952,0.8338536438787766
2,B002_M04,analytical_explanation,1,0,1,0.005760804459368124,1.0634843436628456
2,B002_M05,analytical_explanation,1,1,1,-0.027641020638601254,1.0388323348771766
2,B002_M06,analytical_explanation,1,1,0,-0.11377972757821075,1.0243061414995027
2,B002_M07,analytical_explanation,0,0,1,-0.0008487048030339173,0.9546587195445714
