cluster_id,task_family,integrated,scalable,ai,MiddleSkillRevenueShare,Top10RevenueShare,MiddleSkillContinuation,BuyerQualityAdjustedSurplus,RevenueGini_secondary,ZeroRevenueShare_secondary,AIPurchaseShare_secondary
B000_M00,professional_writing,0,1,0,0.48405961114369317,0.2947900838993301,0.5666666666666667,-0.38338667565812995,0.4270399996096954,0.0,0.0
B000_M01,professional_writing,0,0,1,0.529747302758464,0.2508845730708664,0.45,-0.5783085458224219,0.40306185935702143,0.0,0.08425
B000_M02,professional_writing,1,0,0,0.5623121808549285,0.21377668412356837,0.6333333333333333,-0.3199685561603842,0.4035600852705734,0.01,0.0
B000_M03,professional_writing,0,1,1,0.49884867738218214,0.3117002581595045,0.5,-0.42856602279604517,0.42297872821305305,0.0,0.05925
B000_M04,professional_writing,1,1,0,0.41348588899291117,0.3715789048580934,0.43333333333333335,-0.15026495405202905,0.5307876032422867,0.0,0.0
B000_M05,professional_writing,0,0,0,0.568092945352745,0.2342244383302275,0.6166666666666667,-0.43961301136525877,0.390350073880237,0.01,0.0
B000_M06,professional_writing,1,1,1,0.4508826956398421,0.3310253393461016,0.45,-0.1858334846437906,0.4902775341269996,0.0,0.00825
B000_M07,professional_writing,1,0,1,0.5547543667484965,0.21777215509824843,0.6333333333333333,-0.5359161480896146,0.396111854483163,0.0,0.01125
B001_M00,marketing_copy,0,1,0,0.4185590550371003,0.36284344427381954,0.5166666666666667,-0.24318148750944546,0.5279088219563093,0.01,0.0
B001_M01,marketing_copy,1,0,0,0.5516473906138613,0.21422762826180278,0.55,-0.24393697153879773,0.3989972616139763,0.0,0.0
B001_M02,marketing_copy,0,0,1,0.5185573946473313,0.25282054975881263,0.5333333333333333,-0.21651017329744945,0.4273280652258915,0.01,0.056
B001_M03,marketing_copy,1,0,1,0.5546542801752389,0.21266618581948188,0.4166666666666667,-0.3389447906449551,0.37739279385030144,0.0,0.00975
B001_M04,marketing_copy,1,1,0,0.39901910154886344,0.40089953678046203,0.36666666666666664,0.03981715530822347,0.5281478029875755,0.01,0.0
B001_M05,marketing_copy,1,1,1,0.4322330124151849,0.3660678564751649,0.36666666666666664,-0.174358615695522,0.5142501487165503,0.01,0.0085
B001_M06,marketing_copy,0,1,1,0.5255013448974808,0.2723824069908797,0.5666666666666667,-0.5007138020266414,0.4138164583860102,0.0,0.06625
B001_M07,marketing_copy,0,0,0,0.5669437554630429,0.22343685528025511,0.6,-0.3401975301102025,0.3782605522876916,0.0,0.0
B002_M00,analytical_explanation,0,1,1,0.4450150830010555,0.3632177307970131,0.4666666666666667,-0.23122193952708006,0.5051117757725114,0.01,0.0605
B002_M01,analytical_explanation,1,0,0,0.5612238252141489,0.2138033307184045,0.45,-0.45544653276265784,0.3754603903598088,0.0,0.0
B002_M02,analytical_explanation,0,1,0,0.48737886724422724,0.33398033256594317,0.5,-0.10310961401778469,0.4869062473524537,0.0,0.0
B002_M03,analytical_explanation,0,0,0,0.5522190765237003,0.22163489307173517,0.5333333333333333,-0.31929298280661267,0.3594260732481267,0.0,0.0
B002_M04,analytical_explanation,1,0,1,0.5777494422675242,0.21446982860579777,0.6,-0.37747199481024335,0.38115816437222394,0.01,0.00875
B002_M05,analytical_explanation,1,1,1,0.43899091979017485,0.35859882529376824,0.43333333333333335,-0.143186055989639,0.5123353581357761,0.01,0.00775
B002_M06,analytical_explanation,1,1,0,0.37077519778149876,0.4557112247346621,0.5333333333333333,-0.02740902714061058,0.5743288107308495,0.01,0.0
B002_M07,analytical_explanation,0,0,1,0.5348160969608329,0.2494914239005299,0.5,-0.4168522356794362,0.39361769091637866,0.0,0.0665
