YEAR,SAMPLE,n_persons,person_weight,working_age_weight,prime_age_weight,labor_force_weight,employed_weight,unemployed_weight,young_20_29_employed_weight,selfemployed_weight,wage_sum_w,wage_weight,hours_sum_w,hours_weight,employment_population_rate,unemployment_rate,labor_force_participation,selfemployment_share,mean_nominal_wage,mean_weekly_hours
1990,199001,12501046,248107628,160266733,106330370,121157262,113571070,7586192,29244372,10308049,2416208468783,113571070,4429812109,110488030,0.708637830659467,0.0626144225675882,0.755972619720151,0.0907629821573399,21274.8587187124,40.0931404877071
2000,200001,14081466,281421906,182213312,123028616,134191846,126502425,7689421,27146350,11643207,4041425018258,126502425,4994837995,123111388,0.694254572355284,0.0573017007307583,0.73645467791069,0.0920393976637207,31947.4114291327,40.5716975183482
2005,200501,2878380,288398819,188810103,124095470,142201656,132277873,9923783,27874407,13278555,4919790079476,132277873,5315465258,132277873,0.70058683777107,0.069786690810408,0.753146435177783,0.100383795859796,37192.8423696078,40.1840847410663
2006,200601,2969741,299398485,197032000,127140669,146806534,137336817,9469717,29504467,13547790,5204791220740,137336817,5511815148,137336817,0.697027980226562,0.0645047379158206,0.745089802671647,0.0986464539949255,37898.0038596642,40.1335582722876
2007,200701,2994662,301621159,198626941,127389273,147630155,138204010,9426145,29591024,13524682,5501591589336,138204010,5556093287,138204010,0.69579690098535,0.063849726365186,0.743253429050191,0.0978602719269868,39807.7565863393,40.2021134336117
2008,200801,3000657,304059728,200023789,127515005,151409006,141659791,9749215,30508065,13189570,5804260832578,141659791,5649151724,141659791,0.708214716400558,0.0643899280337393,0.75695499398824,0.093107365942676,40973.2415359698,39.8783005687196
2009,200901,3030728,307006556,201527718,127700135,151215220,136131476,15083744,29447456,12737919,5645708320300,136131476,5352577372,136131476,0.675497531312293,0.0997501706508115,0.750344525808604,0.0935707110088192,41472.4682798562,39.3191753243019
2010,201001,3061692,309349689,203396800,127153705,150542510,134181351,16361159,28466062,12340058,5535002584114,134181351,5258140081,134181351,0.65970236994879,0.108681321973441,0.740141978634865,0.0919655220940502,41250.1628792961,39.1868172574891
2011,201101,3112017,311591919,204849987,127094668,150851704,135298607,15553097,28815887,12158338,5661777919806,135298607,5308445838,135298607,0.660476522266023,0.103101898007065,0.73640084731858,0.0898629946722216,41846.5351960793,39.2350368987908
2012,201201,3113030,313914040,205503934,127126838,151633036,137295361,14337675,29632984,12222547,5867366019502,137295361,5394608231,137295361,0.66809115683401,0.0945550875865863,0.73785952924872,0.0890237434897746,42735.3551989422,39.2919920360601
2013,201301,3132795,316128839,206246610,127013401,151913382,138956027,12957355,30341758,12008868,6103852578034,138956027,5466127935,138956027,0.67373726530584,0.0852943620200622,0.73656183730729,0.0864220736535595,43926.5047354441,39.3371057953463
2014,201401,3132610,318857056,207450305,127523550,152604312,141366597,11237715,31154892,12331273,6310955710878,141366597,5571051083,141366597,0.681448007511968,0.0736395639986896,0.735618643703609,0.0872290432229899,44642.4816385585,39.4085392251467
2015,201501,3147005,321418821,208524036,127967683,153491933,143667226,9824707,31869088,12437347,6612844996782,143667226,5673537075,143667226,0.688972018554254,0.0640079697217703,0.736087483938782,0.0865705237463136,46028.9043012635,39.4908235716892
2016,201601,3156487,323127515,208769178,127912342,154279613,145261322,9018291,32434160,12671888,6877954728820,145261322,5736029574,145261322,0.695798696874689,0.058454197704009,0.738996122310737,0.0872351141069747,47348.8374890324,39.4876591719302
2017,201701,3190040,325719178,209814609,128494818,155634186,147293077,8341109,32864692,12878489,7210856412390,147293077,5823756444,147293077,0.702015353945158,0.0535943240645086,0.741770016595937,0.0874344488030486,48955.8406902587,39.5385619108222
2018,201801,3214539,327167439,209809274,128556645,156537722,148737358,7800364,33225638,12980118,7524627429582,148737358,5896625252,148737358,0.708916985242511,0.0498305705509117,0.746095341810296,0.0872687142930158,50590.0301764268,39.6445474848357
2019,201901,3239553,328239523,209464297,128422819,157521509,150254773,7266736,33502420,12985376,7876229613606,150254773,5930552796,150254773,0.717328800907775,0.0461317063690648,0.75202080381269,0.086422386062904,52419.164172615,39.4699794062449
2020,202001,2641054,329504815,209464144,128788202,155383695,144795139,10588556,31693031,13298949,7974590673852,144795139,5698199901,144795139,0.691264558386661,0.0681445759157677,0.741815243567415,0.0918466537747514,55074.9889045101,39.3535303764583
2021,202101,3252599,331893745,211203028,129582693,157935006,148016243,9918763,31446931,13543414,8351858960748,148016243,5831232846,148016243,0.700824436096626,0.062802815228943,0.747787602742135,0.091499511982614,56425.2867892884,39.3958982326014
2022,202201,3373378,333287562,211798789,129847800,160525784,153600854,6924930,33475402,14141897,9162112991892,153600854,6056361933,153600854,0.72522064325873,0.0431390511072041,0.757916439267271,0.0920691300323109,59648.8414829517,39.4292204456103
2023,202301,3405809,334914896,211844449,130722515,161696651,154617762,7078889,33102224,14078224,9773938022374,154617762,6071750059,154617762,0.729864590409919,0.0437788226052994,0.763280094254441,0.0910517900265559,63213.5525436851,39.2694214459009
2024,202401,3422888,340110990,215027613,133037995,164841260,157107713,7733547,33694743,14334274,10357025610566,157107713,6138499806,157107713,0.730639710910059,0.0469151170040802,0.766605077832492,0.0912385122683315,65923.0881335915,39.0719188051576
