easygrants_id,project_state
6,NY
7,MA
10,OH
12,ME
16,IL
20,AK
20,AL
20,AR
20,AS
20,AZ
20,CA
20,CO
20,CT
20,DE
20,FL
20,GA
20,IA
20,ID
20,IL
20,IN
20,KS
20,KY
20,LA
20,MA
20,MD
20,ME
20,MI
20,MN
20,MO
20,MS
20,MT
20,NC
20,ND
20,NE
20,NH
20,NJ
20,NM
20,NV
20,NY
20,OH
20,OK
20,OR
20,PA
20,RI
20,SC
20,SD
20,TN
20,TX
20,UT
20,VA
20,VT
20,WA
20,WI
20,WV
20,WY
21,AR
22,NM
23,KS
24,CA
25,OH
25,WV
28,PA
31,FL
32,NE
33,OK
35,KS
39,OK
41,NY
42,AL
43,IN
50,GA
51,ND
52,AR
54,FL
55,ME
56,AL
56,CA
56,CO
56,CT
56,DC
56,FL
56,GA
56,IL
56,IN
56,KS
56,KY
56,LA
56,MA
56,MD
56,MI
56,MN
56,MS
56,NC
56,NJ
56,NM
56,NY
56,OH
56,OK
56,OR
56,PA
56,SC
56,SD
56,TN
56,TX
56,VA
56,WA
56,WI
56,WV
57,NE
58,KY
58,TN
59,FL
67,IL
69,NC
71,IN
73,SD
75,MA
77,MS
79,GA
84,FL
87,GA
91,AK
91,AL
91,AR
91,AZ
91,CO
91,HI
91,IA
91,ID
91,IL
91,KS
91,LA
91,MO
91,MS
91,MT
91,ND
91,NE
91,NV
91,OK
91,OR
91,TN
91,TX
91,UT
91,WA
91,WI
91,WY
92,AK
93,AK
97,NC
103,NJ
109,TN
113,CA
114,PA
116,FL
117,CA
117,NV
117,OH
117,PA
117,SC
117,TX
117,UT
117,VA
118,AL
118,AR
118,CA
118,CO
118,IL
118,IN
118,NY
118,OH
118,PA
118,WI
120,ID
121,CA
122,OH
124,GA
125,OH
131,PA
133,FL
138,CA
140,OH
141,ID
142,NY
144,IN
145,CA
148,AZ
148,CA
148,HI
148,NV
149,NY
150,VA
153,MI
154,CO
154,NE
155,GA
156,CO
158,CO
159,IN
159,MI
159,OH
160,WA
161,NY
163,MN
164,AZ
164,CA
166,PA
170,WV
174,WI
177,NY
180,PA
182,AK
183,SD
186,AZ
187,MT
189,GA
190,AZ
191,TX
194,OH
195,CA
196,KS
197,VT
198,VA
199,MT
204,MT
205,AK
206,CA
207,IA
209,IN
210,MI
211,AR
211,CO
211,KS
211,OR
211,TX
211,WA
212,NM
212,TX
213,AL
217,OK
218,MO
219,ND
220,KS
222,IN
223,CA
224,GA
225,OH
226,SD
227,MN
228,SD
229,SD
231,GA
233,CA
234,TN
235,CA
235,OR
239,FL
242,VA
243,GA
244,TN
245,TN
248,VA
250,FL
252,AK
253,TX
256,OH
257,TN
258,TN
259,AZ
259,CA
259,CO
259,NV
260,GA
261,TN
262,RI
263,TN
265,LA
267,TN
268,TN
270,AL
270,FL
270,GA
270,NC
270,SC
270,TN
272,TN
273,TN
274,OR
275,TN
276,TN
277,TN
278,TN
279,TN
280,TN
282,TN
284,TN
285,NC
286,TN
287,TN
289,TN
290,TN
291,TN
292,TN
293,TN
295,TN
296,TN
299,TN
300,TN
301,GA
303,AK
303,AL
303,AR
303,AS
303,AZ
303,CA
303,CO
303,CT
303,DC
303,DE
303,FL
303,GA
303,GU
303,HI
303,IA
303,ID
303,IL
303,IN
303,KS
303,KY
303,LA
303,MA
303,MD
303,ME
303,MI
303,MN
303,MO
303,MP
303,MS
303,MT
303,NC
303,ND
303,NE
303,NH
303,NJ
303,NM
303,NV
303,NY
303,OH
303,OK
303,OR
303,PA
303,PR
303,RI
303,SC
303,SD
303,TN
303,TX
303,UT
303,VA
303,VI
303,VT
303,WA
303,WI
303,WV
303,WY
305,AL
305,AR
305,AZ
305,CA
305,CO
305,CT
305,DC
305,DE
305,FL
305,GA
305,HI
305,IA
305,ID
305,IL
305,IN
305,KS
305,KY
305,LA
305,MA
305,MD
305,ME
305,MI
305,MN
305,MO
305,MS
305,MT
305,NC
305,ND
305,NE
305,NH
305,NJ
305,NM
305,NV
305,NY
305,OH
305,OK
305,OR
305,PA
305,RI
305,SC
305,SD
305,TN
305,TX
305,UT
305,VA
305,VT
305,WA
305,WI
305,WV
305,WY
306,MT
308,CA
310,CA
312,NY
317,MI
321,GA
323,TN
324,AL
324,GA
324,TN
325,TN
326,TN
327,TN
328,TN
329,TN
330,TN
331,TN
332,TN
333,TN
334,TN
335,TN
336,TN
337,TN
339,MD
340,WI
342,NC
343,FL
345,AL
346,RI
347,AK
347,AL
347,AR
347,AS
347,AZ
347,CA
347,CO
347,CT
347,DC
347,DE
347,FL
347,GA
347,GU
347,HI
347,IA
347,ID
347,IL
347,IN
347,KS
347,KY
347,LA
347,MA
347,MD
347,ME
347,MI
347,MN
347,MO
347,MP
347,MS
347,MT
347,NC
347,ND
347,NE
347,NH
347,NJ
347,NM
347,NV
347,NY
347,OH
347,OK
347,OR
347,PA
347,PR
347,RI
347,SC
347,SD
347,TN
347,TX
347,UT
347,VA
347,VI
347,VT
347,WA
347,WI
347,WV
347,WY
349,CA
357,PA
360,LA
362,UT
368,AZ
369,AR
370,GA
371,TN
372,AL
373,AL
374,AL
375,VA
376,OH
377,TN
380,AZ
381,NE
382,NE
383,NE
385,AK
387,ID
388,AK
390,IN
392,IN
393,ID
394,IN
395,IN
396,MT
399,MT
400,ID
402,ID
403,MT
404,ID
405,MT
406,ID
407,ID
408,ID
409,MT
414,MT
415,MT
416,MT
417,MT
418,MT
419,MT
423,GA
427,ME
428,IN
428,MO
428,TN
428,TX
428,WA
429,MA
431,VA
432,VA
434,MI
435,VA
438,IA
439,VA
440,VA
441,MN
442,AL
444,VA
445,IN
446,VA
447,VA
449,VA
450,VA
452,VA
453,VA
454,VA
456,VA
457,VA
458,AL
458,AR
458,AZ
458,CA
458,FL
458,GA
458,ID
458,KY
458,LA
458,MI
458,MS
458,MT
458,NM
458,OK
458,SC
458,TN
458,TX
458,WV
459,MS
460,MS
462,MS
463,MS
465,MT
469,NJ
470,ME
473,HI
475,MN
475,OH
475,TN
477,KS
477,MO
478,IA
482,AL
483,MN
484,CA
486,PA
487,TN
488,IN
490,IN
491,IN
492,PA
493,IN
494,NY
495,MO
496,MO
497,MT
498,MT
499,MT
500,MT
501,MT
502,MT
503,MT
504,MT
506,GA
507,CA
510,AR
511,AZ
511,CT
511,DE
511,FL
511,IA
511,ID
511,IL
511,IN
511,MS
511,ND
511,NE
511,NM
511,OH
511,PA
511,TN
511,TX
511,WA
512,LA
513,NY
515,MI
516,FL
517,CA
518,TX
519,CA
523,NY
526,NY
527,NC
529,FL
530,GA
532,TN
533,MS
534,TN
535,NY
537,NC
538,NC
541,KY
542,MS
543,PA
544,MS
545,MS
546,OH
547,MS
548,OH
551,MS
552,GA
553,MS
555,MS
556,MO
557,MN
558,AK
558,AL
558,AR
558,AS
558,AZ
558,CA
558,CO
558,CT
558,DC
558,DE
558,FL
558,GA
558,GU
558,HI
558,IA
558,ID
558,IL
558,IN
558,KS
558,KY
558,LA
558,MA
558,MD
558,ME
558,MI
558,MN
558,MO
558,MP
558,MS
558,MT
558,NC
558,ND
558,NE
558,NH
558,NJ
558,NM
558,NV
558,NY
558,OH
558,OK
558,OR
558,PA
558,PR
558,RI
558,SC
558,SD
558,TN
558,TX
558,UT
558,VA
558,VI
558,VT
558,WA
558,WI
558,WV
558,WY
559,TN
560,MS
561,VA
562,NY
564,MS
566,MS
567,MS
568,KS
570,PR
571,MS
574,MS
575,MO
576,KS
577,ND
578,MS
579,OH
579,PA
580,PA
582,MS
583,TN
586,IL
587,NM
588,ME
589,FL
590,NC
591,IL
591,IN
591,WI
594,MA
599,KY
601,MI
603,MN
604,AK
604,AL
604,AR
604,AS
604,AZ
604,CA
604,CO
604,CT
604,DC
604,DE
604,FL
604,GA
604,GU
604,HI
604,IA
604,ID
604,IL
604,IN
604,KS
604,KY
604,LA
604,MA
604,MD
604,ME
604,MI
604,MN
604,MO
604,MP
604,MS
604,MT
604,NC
604,ND
604,NE
604,NH
604,NJ
604,NM
604,NV
604,NY
604,OH
604,OK
604,OR
604,PA
604,PR
604,RI
604,SC
604,SD
604,TN
604,TX
604,UT
604,VA
604,VI
604,VT
604,WA
604,WI
604,WV
604,WY
606,MS
607,IL
608,AL
610,MS
612,CO
613,OK
614,MS
615,TN
616,MS
618,MN
620,MS
621,TN
622,NH
623,OK
624,MS
625,VA
627,MI
629,AL
630,FL
631,CO
632,MS
634,AZ
635,IL
636,OR
637,MS
638,MS
639,TN
640,MI
641,MA
642,AL
642,TN
643,ID
644,IL
645,KY
646,ME
647,NC
650,OH
651,NY
652,GA
652,SC
653,WI
655,VA
656,IA
657,KY
657,MD
661,OK
663,MS
664,MS
667,MS
668,OK
670,CA
670,MA
670,PA
670,TX
672,PA
674,KS
675,MS
676,MT
677,GA
684,CA
684,DC
684,MD
684,TN
684,TX
691,CA
691,MO
691,TX
692,KY
693,WA
700,AZ
701,IA
702,OR
704,TX
707,CA
710,MN
711,CO
712,ID
713,LA
715,MN
716,KY
719,NC
720,AK
721,OH
722,VT
723,GA
725,ND
726,IN
727,ND
729,IL
733,OR
734,ND
737,AZ
737,CA
737,CT
737,DC
737,FL
737,GA
737,IL
737,MA
737,NJ
737,NY
737,OH
737,PA
737,TN
737,TX
739,TX
740,AK
740,AL
740,AR
740,AS
740,AZ
740,CA
740,CO
740,CT
740,DC
740,DE
740,FL
740,GA
740,GU
740,HI
740,IA
740,ID
740,IL
740,IN
740,KS
740,KY
740,LA
740,MA
740,MD
740,ME
740,MI
740,MN
740,MO
740,MP
740,MS
740,MT
740,NC
740,ND
740,NE
740,NH
740,NJ
740,NM
740,NV
740,NY
740,OH
740,OK
740,OR
740,PA
740,PR
740,RI
740,SC
740,SD
740,TN
740,TX
740,UT
740,VA
740,VI
740,VT
740,WA
740,WI
740,WV
740,WY
750,IL
753,IL
755,FL
757,ND
760,TN
761,SC
764,TN
766,PR
768,TN
769,AZ
770,AZ
771,NY
773,LA
774,ID
775,AK
775,HI
776,ND
777,OH
778,CO
778,WY
779,NJ
782,ND
783,CA
787,FL
790,GA
792,CA
792,IL
792,OR
792,PA
794,NH
799,KS
801,GA
802,AL
804,TN
806,PA
807,CA
808,CA
809,KS
809,MO
810,CT
811,KS
815,IA
817,IA
819,LA
821,MS
823,WV
826,MT
827,CA
828,AK
829,AK
831,AK
832,OH
833,KY
834,NC
836,AK
838,GA
839,TN
843,WI
854,MO
856,NM
858,FL
860,TX
863,IA
864,FL
865,AL
869,OK
870,NM
872,TX
873,AZ
874,MO
875,AL
877,AR
877,KS
877,OK
877,TX
878,TN
880,NY
883,NE
884,PA
885,NY
887,CA
888,CO
888,NE
889,MS
890,TX
891,VA
893,MD
895,NY
897,NY
898,CA
899,WA
901,VA
903,MN
903,WI
904,LA
904,MS
904,TX
905,OR
905,WA
907,MT
907,ND
908,MT
909,WI
910,NY
911,VT
913,IL
915,MA
918,CA
918,OR
920,AK
921,NE
922,VA
924,SC
925,CA
928,MO
929,VA
931,IL
933,AZ
936,CO
936,UT
936,WY
939,VT
940,NC
941,DC
941,MD
941,VA
942,OR
943,DC
943,MD
943,VA
944,IA
945,UT
948,MS
949,AZ
949,CA
951,CO
953,CA
954,VA
958,NV
960,IL
961,CA
962,MI
963,OK
964,NC
965,IA
965,KS
965,MO
965,NE
965,OK
966,AK
966,AL
966,AR
966,AS
966,AZ
966,CA
966,CO
966,CT
966,DC
966,DE
966,FL
966,GA
966,GU
966,HI
966,IA
966,ID
966,IL
966,IN
966,KS
966,KY
966,LA
966,MA
966,MD
966,ME
966,MI
966,MN
966,MO
966,MP
966,MS
966,MT
966,NC
966,ND
966,NE
966,NH
966,NJ
966,NM
966,NV
966,NY
966,OH
966,OK
966,OR
966,PA
966,PR
966,RI
966,SC
966,SD
966,TN
966,TX
966,UT
966,VA
966,VI
966,VT
966,WA
966,WI
966,WV
966,WY
968,CA
970,LA
971,NY
972,VA
974,NM
976,DC
976,MD
976,VA
981,CA
983,SC
984,WY
988,WV
989,MT
990,NC
994,VA
999,NY
1001,AK
1001,AL
1001,AR
1001,AZ
1001,CA
1001,CO
1001,CT
1001,DC
1001,DE
1001,FL
1001,GA
1001,HI
1001,IA
1001,ID
1001,IL
1001,IN
1001,KS
1001,KY
1001,LA
1001,MA
1001,MD
1001,ME
1001,MI
1001,MN
1001,MO
1001,MS
1001,MT
1001,NC
1001,ND
1001,NE
1001,NH
1001,NJ
1001,NM
1001,NV
1001,NY
1001,OH
1001,OK
1001,OR
1001,PA
1001,PR
1001,RI
1001,SC
1001,SD
1001,TN
1001,TX
1001,UT
1001,VA
1001,VI
1001,VT
1001,WA
1001,WI
1001,WV
1001,WY
1003,IA
1003,MN
1003,SD
1004,SC
1006,KY
1007,IL
1007,KY
1007,LA
1007,MS
1007,TN
1009,TN
1010,VA
1012,IL
1013,SC
1016,PA
1017,TN
1018,AL
1018,AR
1018,IN
1018,KS
1018,KY
1018,MN
1018,MO
1018,NC
1018,OH
1018,OK
1018,TN
1019,NY
1025,IL
1026,TN
1027,AL
1028,CO
1028,UT
1029,PA
1031,IL
1034,AL
1034,CA
1034,CO
1034,CT
1034,DC
1034,FL
1034,IA
1034,IL
1034,IN
1034,LA
1034,MI
1034,MO
1034,NC
1034,NJ
1034,NM
1034,OH
1034,OR
1034,PA
1034,SC
1034,TX
1034,VA
1036,IL
1038,HI
1040,HI
1042,CA
1045,WV
1046,AL
1048,LA
1050,IN
1053,WA
1055,IL
1056,TN
1057,OK
1058,OK
1060,TN
1062,WI
1063,AL
1064,TN
1065,TN
1066,TN
1067,TN
1069,TN
1071,TN
1072,TN
1073,IL
1073,MS
1073,NC
1073,TN
1074,TN
1075,TN
1076,TN
1077,TN
1078,TN
1079,TN
1081,TN
1083,TN
1084,CT
1085,CA
1086,NM
1087,CA
1088,CO
1091,TX
1093,NC
1097,AZ
1097,CA
1097,CO
1097,ID
1097,KS
1097,MD
1097,MN
1097,MO
1097,NM
1097,PA
1097,TX
1100,NV
1102,CA
1104,CA
1104,FL
1104,GA
1104,IN
1104,MI
1104,NJ
1104,PA
1104,WI
1107,AR
1107,OK
1108,HI
1113,CO
1115,GU
1115,MP
1117,GU
1117,MP
1118,GU
1118,MP
1119,NC
1120,IL
1121,TX
1122,GA
1123,NY
1126,PA
1130,SC
1132,WV
1135,NY
1136,AK
1136,AL
1136,AR
1136,AZ
1136,CA
1136,CO
1136,CT
1136,DC
1136,DE
1136,FL
1136,GA
1136,HI
1136,IA
1136,ID
1136,IL
1136,IN
1136,KS
1136,KY
1136,LA
1136,MA
1136,MD
1136,ME
1136,MI
1136,MN
1136,MO
1136,MS
1136,MT
1136,NC
1136,ND
1136,NE
1136,NH
1136,NJ
1136,NM
1136,NV
1136,NY
1136,OH
1136,OK
1136,OR
1136,PA
1136,RI
1136,SC
1136,SD
1136,TN
1136,TX
1136,UT
1136,VA
1136,VT
1136,WA
1136,WI
1136,WV
1136,WY
1139,AR
1143,MS
1145,ME
1146,SC
1147,GA
1148,FL
1148,GA
1149,ME
1151,WA
1153,NY
1154,OH
1157,AZ
1157,CA
1157,CO
1157,IA
1157,ID
1157,KS
1157,MN
1157,MO
1157,MT
1157,ND
1157,NE
1157,NM
1157,NV
1157,OK
1157,OR
1157,SD
1157,TX
1157,UT
1157,WA
1157,WY
1158,MN
1160,TX
1161,TN
1162,AL
1164,MT
1168,AL
1168,MS
1170,CA
1174,MA
1175,MO
1176,NM
1177,NM
1180,AZ
1181,NM
1184,OH
1185,WY
1189,OH
1190,MS
1194,NM
1195,MN
1195,SD
1197,AK
1199,OK
1200,FL
1201,RI
1202,PR
1207,NH
1209,KS
1210,TX
1212,KS
1213,IN
1214,AL
1215,LA
1217,NE
1218,CA
1219,AL
1219,FL
1219,GA
1219,KY
1219,NC
1219,SC
1219,TN
1220,VA
1221,OR
1222,FL
1224,AL
1225,WA
1226,NY
1237,VA
1238,MA
1239,IN
1242,MO
1245,TX
1246,NY
1247,AK
1247,AL
1247,AR
1247,AS
1247,AZ
1247,CA
1247,CO
1247,CT
1247,DC
1247,DE
1247,FL
1247,GA
1247,GU
1247,HI
1247,IA
1247,ID
1247,IL
1247,IN
1247,KS
1247,KY
1247,LA
1247,MA
1247,MD
1247,ME
1247,MI
1247,MN
1247,MO
1247,MP
1247,MS
1247,MT
1247,NC
1247,ND
1247,NE
1247,NH
1247,NJ
1247,NM
1247,NV
1247,NY
1247,OH
1247,OK
1247,OR
1247,PA
1247,PR
1247,RI
1247,SC
1247,SD
1247,TN
1247,TX
1247,UT
1247,VA
1247,VI
1247,VT
1247,WA
1247,WI
1247,WV
1247,WY
1248,NM
1249,FL
1250,NJ
1256,VA
1257,OK
1260,NM
1261,MO
1264,NY
1265,NY
1266,SC
1269,MO
1270,AL
1271,IL
1276,IN
1277,PR
1278,AL
1282,NY
1283,WV
1286,LA
1286,TX
1288,AZ
1289,MO
1290,GA
1291,SC
1292,MO
1293,AL
1293,GA
1293,SC
1296,KY
1298,SC
1299,GA
1300,MO
1302,WV
1303,WV
1305,TX
1306,OR
1308,MO
1314,NM
1314,TX
1318,MO
1323,FL
1324,WI
1325,VA
1326,FL
1326,GA
1326,TN
1326,VA
1331,KY
1332,MO
1333,OR
1334,SC
1338,CT
1339,MI
1341,NM
1342,IA
1343,CA
1345,MS
1346,CA
1347,KY
1350,CA
1351,IL
1360,KY
1364,CA
1367,CT
1369,CT
1372,IN
1375,ID
1376,NM
1377,FL
1378,GA
1379,MO
1383,FL
1384,MI
1386,FL
1386,NJ
1387,KY
1388,FL
1389,SC
1391,ID
1391,IN
1391,MO
1391,MS
1391,MT
1391,NE
1391,PA
1391,VA
1392,NC
1395,GA
1396,MI
1397,LA
1399,MT
1400,MN
1402,NE
1408,AZ
1409,TX
1410,VA
1411,AK
1411,AL
1411,AR
1411,AS
1411,AZ
1411,CA
1411,CO
1411,CT
1411,DC
1411,DE
1411,FL
1411,GA
1411,GU
1411,HI
1411,IA
1411,ID
1411,IL
1411,IN
1411,KS
1411,KY
1411,LA
1411,MA
1411,MD
1411,ME
1411,MI
1411,MN
1411,MO
1411,MP
1411,MS
1411,MT
1411,NC
1411,ND
1411,NE
1411,NH
1411,NJ
1411,NM
1411,NV
1411,NY
1411,OH
1411,OK
1411,OR
1411,PA
1411,PR
1411,RI
1411,SC
1411,SD
1411,TN
1411,TX
1411,UT
1411,VA
1411,VI
1411,VT
1411,WA
1411,WI
1411,WV
1411,WY
1412,IL
1415,FL
1417,SC
1418,MI
1419,IL
1422,CA
1424,VA
1425,KY
1426,AZ
1427,WY
1429,AZ
1430,AZ
1432,WV
1433,AZ
1437,SD
1438,IA
1439,FL
1439,IL
1439,MN
1439,NJ
1439,NY
1439,OR
1439,PA
1439,TX
1440,MO
1441,NJ
1443,SD
1444,IN
1445,MA
1446,SD
1447,NY
1448,SD
1450,ND
1451,VA
1452,WY
1453,OK
1453,TX
1454,IL
1458,WY
1460,WY
1461,WY
1463,IA
1465,FL
1467,NY
1468,AK
1468,AZ
1468,CA
1468,CO
1468,ID
1468,MT
1468,NM
1468,NV
1468,OR
1468,UT
1468,WA
1468,WY
1469,GA
1470,AZ
1472,MA
1475,GA
1476,MI
1477,IN
1478,MN
1479,RI
1481,WA
1483,AZ
1485,UT
1486,AZ
1486,CA
1486,CO
1486,GA
1486,HI
1486,IL
1486,MA
1486,MN
1486,NM
1486,NV
1486,NY
1486,OR
1486,PA
1486,UT
1486,WA
1487,IA
1488,UT
1490,UT
1491,TX
1492,TX
1493,IA
1494,IN
1497,NH
1498,PA
1499,IA
1500,WY
1503,AK
1503,AL
1503,AR
1503,AZ
1503,CA
1503,FL
1503,GA
1503,HI
1503,ID
1503,IL
1503,ME
1503,MI
1503,MN
1503,MO
1503,MT
1503,ND
1503,NE
1503,NM
1503,NV
1503,OR
1503,SD
1503,TX
1503,VA
1503,WV
1504,WY
1505,IA
1508,WY
1510,MN
1513,PA
1519,IL
1520,NE
1521,WI
1522,NE
1523,AL
1523,CA
1523,LA
1523,TX
1524,IA
1527,OK
1528,IA
1530,CA
1533,NV
1534,CT
1536,MO
1537,TX
1538,TX
1542,IA
1545,TN
1549,NY
1550,TN
1552,MA
1553,OH
1554,MI
1556,DE
1558,LA
1559,PA
1560,IN
1561,IA
1563,WA
1564,KS
1565,IA
1566,MO
1568,SC
1570,IA
1572,IA
1573,IA
1574,KS
1575,SD
1577,NV
1579,MO
1580,TX
1581,WI
1582,IA
1583,MN
1584,AR
1585,TX
1587,OK
1589,CA
1590,VA
1592,MI
1594,IA
1596,AL
1598,AL
1599,IA
1601,VA
1602,CA
1603,IA
1604,TX
1605,IA
1607,IA
1608,ND
1609,AZ
1609,CA
1609,CO
1609,FL
1609,ME
1609,NE
1609,NY
1609,VA
1610,OK
1611,MT
1614,MT
1615,IA
1617,IA
1618,NE
1619,OK
1620,OK
1621,IA
1622,OH
1623,MO
1624,OK
1625,IA
1626,AZ
1627,IA
1628,AZ
1629,IA
1631,IA
1633,AK
1633,AL
1633,AR
1633,AS
1633,AZ
1633,CA
1633,CO
1633,CT
1633,DC
1633,DE
1633,FL
1633,GA
1633,GU
1633,HI
1633,IA
1633,ID
1633,IL
1633,IN
1633,KS
1633,KY
1633,LA
1633,MA
1633,MD
1633,ME
1633,MI
1633,MN
1633,MO
1633,MP
1633,MS
1633,MT
1633,NC
1633,ND
1633,NE
1633,NH
1633,NJ
1633,NM
1633,NV
1633,NY
1633,OH
1633,OK
1633,OR
1633,PA
1633,PR
1633,RI
1633,SC
1633,SD
1633,TN
1633,TX
1633,UT
1633,VA
1633,VI
1633,VT
1633,WA
1633,WI
1633,WV
1633,WY
1634,IA
1635,IA
1637,NE
1638,IA
1639,WA
1641,NE
1642,IA
1643,OK
1645,IA
1646,OK
1647,IA
1649,IA
1650,IA
1651,NM
1652,IA
1653,NE
1654,IA
1655,IA
1656,IA
1657,NC
1658,IA
1659,PA
1660,IA
1661,IA
1662,IA
1665,IA
1667,NC
1668,NE
1669,IA
1670,IA
1671,GA
1672,IA
1673,IA
1675,IA
1676,IA
1677,OK
1678,IA
1679,WA
1680,IA
1681,NE
1682,AL
1683,IA
1684,NE
1685,OK
1689,OK
1690,MD
1691,MT
1692,NM
1693,OK
1696,MT
1697,NM
1698,OK
1699,MT
1701,MT
1703,OK
1704,CA
1705,MT
1706,NM
1708,OK
1709,MT
1710,NM
1711,MT
1712,MT
1713,IA
1714,MT
1715,OK
1717,OK
1718,IA
1719,OK
1720,OK
1721,MT
1722,MT
1724,IL
1725,KS
1729,NY
1733,ME
1734,NH
1735,NH
1736,NH
1737,VT
1743,NY
1744,VA
1745,GA
1746,AK
1746,AL
1746,AR
1746,AZ
1746,CO
1746,CT
1746,DC
1746,DE
1746,FL
1746,GA
1746,HI
1746,IA
1746,ID
1746,IL
1746,IN
1746,KS
1746,KY
1746,LA
1746,MA
1746,MD
1746,ME
1746,MI
1746,MN
1746,MO
1746,MS
1746,MT
1746,NC
1746,ND
1746,NE
1746,NH
1746,NJ
1746,NM
1746,NV
1746,NY
1746,OH
1746,OK
1746,OR
1746,PA
1746,PR
1746,RI
1746,SC
1746,TN
1746,TX
1746,UT
1746,VA
1746,VT
1746,WA
1746,WI
1746,WV
1746,WY
1747,WI
1748,VA
1750,TX
1752,AZ
1752,CA
1752,CT
1752,DC
1752,FL
1752,GA
1752,IL
1752,MA
1752,NJ
1752,NY
1752,OH
1752,PA
1752,TN
1752,TX
1753,IL
1754,AK
1754,AL
1754,AR
1754,AS
1754,AZ
1754,CA
1754,CO
1754,CT
1754,DC
1754,DE
1754,FL
1754,GA
1754,GU
1754,HI
1754,IA
1754,ID
1754,IL
1754,IN
1754,KS
1754,KY
1754,LA
1754,MA
1754,MD
1754,ME
1754,MI
1754,MN
1754,MO
1754,MP
1754,MS
1754,MT
1754,NC
1754,ND
1754,NE
1754,NH
1754,NJ
1754,NM
1754,NV
1754,NY
1754,OH
1754,OK
1754,OR
1754,PA
1754,PR
1754,RI
1754,SC
1754,SD
1754,TN
1754,TX
1754,UT
1754,VA
1754,VI
1754,VT
1754,WA
1754,WI
1754,WV
1754,WY
1756,OK
1757,VA
1760,PR
1761,MI
1761,WI
1763,MT
1764,OH
1767,AZ
1768,WA
1769,MD
1770,MO
1772,CA
1773,AL
1774,PA
1775,MS
1777,PA
1780,TX
1781,NY
1783,CT
1785,TX
1787,AL
1790,AK
1790,AL
1790,AR
1790,AZ
1790,CA
1790,CO
1790,CT
1790,DE
1790,FL
1790,GA
1790,HI
1790,IA
1790,ID
1790,IL
1790,IN
1790,KS
1790,KY
1790,LA
1790,MA
1790,MD
1790,ME
1790,MI
1790,MN
1790,MO
1790,MS
1790,MT
1790,NC
1790,ND
1790,NE
1790,NH
1790,NJ
1790,NM
1790,NV
1790,NY
1790,OH
1790,OK
1790,OR
1790,PA
1790,RI
1790,SC
1790,SD
1790,TN
1790,TX
1790,UT
1790,VA
1790,VT
1790,WA
1790,WI
1790,WV
1790,WY
1791,AK
1791,AL
1791,AR
1791,AS
1791,AZ
1791,CA
1791,CO
1791,CT
1791,DC
1791,DE
1791,FL
1791,GA
1791,GU
1791,HI
1791,IA
1791,ID
1791,IL
1791,IN
1791,KS
1791,KY
1791,LA
1791,MA
1791,MD
1791,ME
1791,MI
1791,MN
1791,MO
1791,MP
1791,MS
1791,MT
1791,NC
1791,ND
1791,NE
1791,NH
1791,NJ
1791,NM
1791,NV
1791,NY
1791,OH
1791,OK
1791,OR
1791,PA
1791,PR
1791,RI
1791,SC
1791,SD
1791,TN
1791,TX
1791,UT
1791,VA
1791,VI
1791,VT
1791,WA
1791,WI
1791,WV
1791,WY
1793,MI
1794,AK
1794,AL
1794,AR
1794,AZ
1794,CA
1794,CO
1794,CT
1794,DC
1794,DE
1794,FL
1794,GA
1794,HI
1794,IA
1794,ID
1794,IL
1794,IN
1794,KS
1794,KY
1794,LA
1794,MA
1794,MD
1794,ME
1794,MI
1794,MN
1794,MO
1794,MS
1794,MT
1794,NC
1794,ND
1794,NE
1794,NH
1794,NJ
1794,NM
1794,NV
1794,NY
1794,OH
1794,OK
1794,OR
1794,PA
1794,RI
1794,SC
1794,SD
1794,TN
1794,TX
1794,UT
1794,VA
1794,VT
1794,WA
1794,WI
1794,WV
1794,WY
1797,TX
1799,CO
1800,CA
1800,CO
1800,IL
1800,MA
1800,MI
1800,MN
1800,MO
1800,NC
1800,OK
1800,OR
1800,PA
1800,TX
1800,VT
1801,TX
1802,WA
1803,TX
1804,MA
1805,AK
1805,AL
1805,AR
1805,AS
1805,AZ
1805,CA
1805,CO
1805,CT
1805,DC
1805,DE
1805,FL
1805,GA
1805,GU
1805,HI
1805,IA
1805,ID
1805,IL
1805,IN
1805,KS
1805,KY
1805,LA
1805,MA
1805,MD
1805,ME
1805,MI
1805,MN
1805,MO
1805,MP
1805,MS
1805,MT
1805,NC
1805,ND
1805,NE
1805,NH
1805,NJ
1805,NM
1805,NV
1805,NY
1805,OH
1805,OK
1805,OR
1805,PA
1805,PR
1805,RI
1805,SC
1805,SD
1805,TN
1805,TX
1805,UT
1805,VA
1805,VI
1805,VT
1805,WA
1805,WI
1805,WV
1805,WY
1808,IA
1813,CA
1814,OH
1815,OH
1819,CO
1820,NC
1822,IL
1823,AZ
1824,NC
1825,MO
1828,FL
1829,MI
1830,CA
1832,VI
1833,AK
1834,OH
1835,AL
1836,IA
1839,SC
1840,AZ
1842,MN
1843,TX
1845,NE
1846,MP
1847,CO
1851,GA
1852,IA
1854,WA
1855,AL
1856,IA
1857,WV
1858,SC
1860,IA
1861,MO
1864,IA
1866,IA
1867,TX
1868,IA
1870,IA
1871,IA
1872,IA
1873,IA
1874,AR
1875,IA
1878,NY
1879,DC
1881,OR
1883,IL
1884,AK
1886,OR
1886,WA
1887,OK
1887,TX
1888,AR
1890,AK
1890,AL
1890,AR
1890,AS
1890,AZ
1890,CA
1890,CO
1890,CT
1890,DC
1890,DE
1890,FL
1890,GA
1890,GU
1890,HI
1890,IA
1890,ID
1890,IL
1890,IN
1890,KS
1890,KY
1890,LA
1890,MA
1890,MD
1890,ME
1890,MI
1890,MN
1890,MO
1890,MP
1890,MS
1890,MT
1890,NC
1890,ND
1890,NE
1890,NH
1890,NJ
1890,NM
1890,NV
1890,NY
1890,OH
1890,OK
1890,OR
1890,PA
1890,PR
1890,RI
1890,SC
1890,SD
1890,TN
1890,TX
1890,UT
1890,VA
1890,VI
1890,VT
1890,WA
1890,WI
1890,WV
1890,WY
1896,DC
1896,DE
1896,MD
1896,NC
1896,NJ
1896,PA
1896,VA
1896,WV
1902,MN
1904,AL
1908,NY
1909,NC
1910,CA
1911,ID
1912,TN
1913,TX
1914,OK
1924,TX
1926,ME
1927,NE
1928,MN
1930,IL
1931,AL
1931,FL
1931,GA
1931,KY
1931,NC
1931,SC
1931,TN
1934,OH
1935,KS
1936,TN
1937,WV
1940,TX
1942,FL
1943,PA
1945,OK
1946,VA
1947,MN
1950,OK
1953,SC
1956,IL
1957,MD
1957,VA
1960,UT
1962,FL
1963,AL
1965,GA
1966,TX
1967,OK
1968,MO
1971,CA
1971,OR
1972,UT
1973,OK
1973,TX
1974,TN
1975,FL
1976,GA
1976,SC
1977,TN
1978,CA
1979,MS
1981,TX
1984,IN
1985,IL
1986,VA
1988,VA
1992,IA
1994,KS
1995,CA
1996,OH
1997,IL
1999,AZ
2000,VA
2002,OR
2003,SC
2005,MN
2006,MN
2009,TN
2010,KY
2011,PR
2012,CA
2012,CT
2012,DC
2012,FL
2012,IL
2012,MA
2012,MI
2012,MN
2012,NC
2012,NJ
2012,NM
2012,NY
2012,OK
2012,OR
2012,PA
2012,SC
2012,TN
2012,TX
2012,VA
2012,VT
2012,WA
2012,WI
2012,WV
2014,CA
2017,DE
2017,FL
2017,NH
2018,KY
2020,CA
2021,SC
2023,AZ
2023,CO
2023,GA
2023,MA
2023,NM
2023,UT
2024,NY
2025,AZ
2026,NY
2029,FL
2031,NY
2037,WV
2039,NH
2039,VT
2040,CA
2042,SC
2043,GA
2043,TN
2043,VA
2044,UT
2045,NV
2046,TN
2047,WV
2051,NH
2054,NM
2055,CA
2057,MA
2060,UT
2061,DC
2063,NY
2064,NY
2066,KS
2068,SC
2069,AL
2070,GA
2071,NY
2072,NM
2073,MA
2074,IA
2076,PA
2079,NC
2080,OH
2081,AZ
2082,NY
2083,MI
2083,WI
2085,KS
2086,ND
2087,CA
2088,NY
2093,NY
2096,NC
2097,TX
2098,MI
2101,NY
2102,PA
2104,WI
2105,NY
2106,TX
2108,NJ
2109,MO
2110,NM
2111,GA
2112,MI
2113,OH
2114,OR
2116,NY
2119,NJ
2124,FL
2125,WI
2127,TX
2129,OR
2131,CA
2132,CA
2134,MI
2135,AK
2139,MO
2140,PR
2141,NY
2143,CO
2144,WA
2145,NJ
2146,IL
2147,DC
2147,MA
2147,MD
2147,NY
2147,RI
2147,VA
2148,MI
2149,TX
2151,VA
2152,ID
2154,NC
2155,IL
2156,NY
2157,WI
2159,VT
2160,IL
2161,WA
2163,DC
2164,CA
2165,DC
2166,IL
2167,CA
2170,MO
2174,KS
2177,CA
2178,NY
2181,MO
2182,NE
2183,CO
2184,LA
2186,CA
2187,AK
2187,AL
2187,AR
2187,AS
2187,AZ
2187,CA
2187,CO
2187,CT
2187,DC
2187,DE
2187,FL
2187,GA
2187,GU
2187,HI
2187,IA
2187,ID
2187,IL
2187,IN
2187,KS
2187,KY
2187,LA
2187,MA
2187,MD
2187,ME
2187,MI
2187,MN
2187,MO
2187,MP
2187,MS
2187,MT
2187,NC
2187,ND
2187,NE
2187,NH
2187,NJ
2187,NM
2187,NV
2187,NY
2187,OH
2187,OK
2187,OR
2187,PA
2187,PR
2187,RI
2187,SC
2187,SD
2187,TN
2187,TX
2187,UT
2187,VA
2187,VI
2187,VT
2187,WA
2187,WI
2187,WV
2187,WY
2190,MO
2191,CA
2192,NY
2193,OH
2193,PA
2193,WV
2196,AL
2198,CT
2199,MA
2200,CA
2202,MA
2203,FL
2205,ME
2206,AL
2207,AK
2207,AL
2207,AR
2207,AS
2207,AZ
2207,CA
2207,CO
2207,CT
2207,DC
2207,DE
2207,FL
2207,GA
2207,GU
2207,HI
2207,IA
2207,ID
2207,IL
2207,IN
2207,KS
2207,KY
2207,LA
2207,MA
2207,MD
2207,ME
2207,MI
2207,MN
2207,MO
2207,MP
2207,MS
2207,MT
2207,NC
2207,ND
2207,NE
2207,NH
2207,NJ
2207,NM
2207,NV
2207,NY
2207,OH
2207,OK
2207,OR
2207,PA
2207,PR
2207,RI
2207,SC
2207,SD
2207,TN
2207,TX
2207,UT
2207,VA
2207,VI
2207,VT
2207,WA
2207,WI
2207,WV
2207,WY
2209,WV
2212,PA
2213,MI
2215,IL
2220,MI
2221,IA
2223,WV
2224,AZ
2225,ND
2227,MN
2229,TX
2232,ME
2233,NY
2234,CA
2237,CA
2239,LA
2240,IL
2241,AK
2242,CA
2243,FL
2248,IL
2249,FL
2250,FL
2253,KS
2255,NC
2256,IA
2256,IN
2256,MI
2256,NE
2256,OH
2256,PA
2256,TN
2256,VA
2258,IA
2259,FL
2260,VA
2261,MT
2263,NY
2264,VA
2266,NY
2267,AK
2268,IL
2269,OR
2275,CA
2279,MD
2282,LA
2286,OK
2289,OR
2290,OK
2293,AK
2293,AL
2293,AR
2293,AS
2293,AZ
2293,CA
2293,CO
2293,CT
2293,DC
2293,DE
2293,FL
2293,GA
2293,GU
2293,HI
2293,IA
2293,ID
2293,IL
2293,IN
2293,KS
2293,KY
2293,LA
2293,MA
2293,MD
2293,ME
2293,MI
2293,MN
2293,MO
2293,MP
2293,MS
2293,MT
2293,NC
2293,ND
2293,NE
2293,NH
2293,NJ
2293,NM
2293,NV
2293,NY
2293,OH
2293,OK
2293,OR
2293,PA
2293,PR
2293,RI
2293,SC
2293,SD
2293,TN
2293,TX
2293,UT
2293,VA
2293,VI
2293,VT
2293,WA
2293,WI
2293,WV
2293,WY
2294,AZ
2294,ID
2294,NV
2294,OR
2294,WA
2296,NY
2298,CA
2302,GA
2303,HI
2305,CA
2307,KS
2307,MO
2307,OK
2309,AR
2309,TX
2310,KS
2312,MO
2313,IN
2315,CA
2316,NJ
2318,AZ
2318,CO
2318,NM
2318,TX
2319,NY
2322,TX
2324,WY
2325,ID
2326,MI
2327,VA
2332,OH
2333,IL
2335,ND
2337,VA
2339,NY
2341,AK
2341,AL
2341,AR
2341,AS
2341,AZ
2341,CA
2341,CO
2341,CT
2341,DC
2341,DE
2341,FL
2341,GA
2341,GU
2341,HI
2341,IA
2341,ID
2341,IL
2341,IN
2341,KS
2341,KY
2341,LA
2341,MA
2341,MD
2341,ME
2341,MI
2341,MN
2341,MO
2341,MP
2341,MS
2341,MT
2341,NC
2341,ND
2341,NE
2341,NH
2341,NJ
2341,NM
2341,NV
2341,NY
2341,OH
2341,OK
2341,OR
2341,PA
2341,PR
2341,RI
2341,SC
2341,SD
2341,TN
2341,TX
2341,UT
2341,VA
2341,VI
2341,VT
2341,WA
2341,WI
2341,WV
2341,WY
2343,IL
2343,IN
2343,SC
2344,OK
2346,MO
2347,MN
2348,IL
2349,TN
2350,AL
2350,CT
2350,IL
2350,MN
2350,TX
2350,WA
2351,GA
2352,TN
2354,MO
2355,KY
2356,TN
2357,WA
2360,TN
2361,IL
2362,AL
2364,OK
2365,NY
2368,TN
2369,MI
2376,PA
2377,VA
2379,PA
2380,MI
2381,ME
2382,UT
2387,IN
2388,CA
2389,NH
2390,TX
2394,FL
2395,PA
2395,VI
2397,IL
2398,MO
2399,MN
2400,MA
2403,CO
2404,GA
2405,OK
2406,WY
2408,CA
2409,NV
2410,CA
2411,WI
2415,MO
2418,VA
2420,AZ
2423,OR
2426,MI
2427,NE
2430,PA
2431,MO
2433,FL
2434,FL
2434,KY
2434,MI
2434,MN
2434,MS
2434,OH
2434,SD
2435,TX
2438,CO
2439,TX
2440,TX
2443,TX
2444,OH
2446,CT
2446,DC
2446,DE
2446,MA
2446,MD
2446,NH
2446,NJ
2446,NY
2446,PA
2446,RI
2446,VA
2446,VT
2448,MO
2451,MO
2452,MA
2454,CA
2458,MO
2460,AK
2465,MN
2466,MN
2469,ND
2471,NH
2472,IN
2473,MO
2474,MI
2476,MD
2478,IL
2480,VA
2481,NC
2481,VA
2482,MI
2483,MI
2485,IL
2486,IA
2489,SD
2493,MO
2494,KS
2495,KY
2496,NM
2501,MO
2502,AK
2502,AL
2502,AR
2502,AS
2502,AZ
2502,CA
2502,CO
2502,CT
2502,DC
2502,DE
2502,FL
2502,GA
2502,GU
2502,HI
2502,IA
2502,ID
2502,IL
2502,IN
2502,KS
2502,KY
2502,LA
2502,MA
2502,MD
2502,ME
2502,MI
2502,MN
2502,MO
2502,MP
2502,MS
2502,MT
2502,NC
2502,ND
2502,NE
2502,NH
2502,NJ
2502,NM
2502,NV
2502,NY
2502,OH
2502,OK
2502,OR
2502,PA
2502,PR
2502,RI
2502,SC
2502,SD
2502,TN
2502,TX
2502,UT
2502,VA
2502,VI
2502,VT
2502,WA
2502,WI
2502,WV
2502,WY
2505,SC
2507,KY
2508,NY
2509,AL
2509,AR
2509,AZ
2509,CA
2509,CO
2509,CT
2509,DC
2509,FL
2509,GA
2509,HI
2509,IA
2509,ID
2509,IL
2509,IN
2509,KS
2509,KY
2509,LA
2509,MA
2509,MD
2509,ME
2509,MI
2509,MN
2509,MO
2509,MS
2509,MT
2509,NC
2509,ND
2509,NE
2509,NH
2509,NJ
2509,NM
2509,NV
2509,NY
2509,OH
2509,OK
2509,OR
2509,PA
2509,PR
2509,RI
2509,SC
2509,SD
2509,TN
2509,TX
2509,UT
2509,VA
2509,VT
2509,WA
2509,WI
2509,WV
2509,WY
2511,PA
2512,OH
2513,WV
2515,OH
2515,PA
2515,WV
2518,UT
2520,AZ
2520,CO
2520,ID
2520,NM
2520,NY
2520,WA
2522,OK
2526,KY
2527,AL
2528,MS
2529,SC
2531,WY
2535,WV
2537,AK
2537,AL
2537,AR
2537,AS
2537,AZ
2537,CA
2537,CO
2537,CT
2537,DC
2537,DE
2537,FL
2537,GA
2537,GU
2537,HI
2537,IA
2537,ID
2537,IL
2537,IN
2537,KS
2537,KY
2537,LA
2537,MA
2537,MD
2537,ME
2537,MI
2537,MN
2537,MO
2537,MP
2537,MS
2537,MT
2537,NC
2537,ND
2537,NE
2537,NH
2537,NJ
2537,NM
2537,NV
2537,NY
2537,OH
2537,OK
2537,OR
2537,PA
2537,PR
2537,RI
2537,SC
2537,SD
2537,TN
2537,TX
2537,UT
2537,VA
2537,VI
2537,VT
2537,WA
2537,WI
2537,WV
2537,WY
2538,MO
2539,DC
2540,CA
2541,NH
2542,WA
2543,TX
2545,CA
2546,DC
2547,DE
2548,AK
2548,AL
2548,AR
2548,AS
2548,AZ
2548,CA
2548,CO
2548,CT
2548,DC
2548,DE
2548,FL
2548,GA
2548,GU
2548,HI
2548,IA
2548,ID
2548,IL
2548,IN
2548,KS
2548,KY
2548,LA
2548,MA
2548,MD
2548,ME
2548,MI
2548,MN
2548,MO
2548,MS
2548,MT
2548,NC
2548,ND
2548,NE
2548,NH
2548,NJ
2548,NM
2548,NV
2548,NY
2548,OH
2548,OK
2548,OR
2548,PA
2548,PR
2548,RI
2548,SC
2548,SD
2548,TN
2548,TX
2548,UT
2548,VA
2548,VI
2548,VT
2548,WA
2548,WI
2548,WV
2548,WY
2551,CA
2553,PA
2554,SD
2555,CA
2556,NM
2557,OK
2558,AL
2559,ME
2561,MT
2562,MI
2564,NV
2565,OH
2566,OK
2567,AL
2569,GA
2573,FL
2574,MD
2576,AZ
2577,AZ
2578,AZ
2579,AZ
2580,AZ
2581,AZ
2582,NM
2583,AZ
2585,AZ
2586,OH
2587,AZ
2588,AZ
2589,AZ
2590,AZ
2592,AZ
2593,AZ
2594,AZ
2596,IL
2597,UT
2599,AS
2600,OH
2603,HI
2605,OK
2606,MS
2608,PA
2610,CA
2611,NM
2613,CT
2613,DC
2613,DE
2613,MA
2613,MD
2613,ME
2613,MI
2613,NH
2613,NJ
2613,NY
2613,OH
2613,PA
2613,RI
2613,VT
2614,OK
2615,FL
2616,AL
2616,GA
2616,SC
2616,TN
2617,UT
2618,OK
2619,PA
2620,IN
2620,KY
2620,MI
2621,AK
2621,AL
2621,AR
2621,AS
2621,AZ
2621,CA
2621,CO
2621,CT
2621,DC
2621,DE
2621,FL
2621,GA
2621,GU
2621,HI
2621,IA
2621,ID
2621,IL
2621,IN
2621,KS
2621,KY
2621,LA
2621,MA
2621,MD
2621,ME
2621,MI
2621,MN
2621,MO
2621,MP
2621,MS
2621,MT
2621,NC
2621,ND
2621,NE
2621,NH
2621,NJ
2621,NM
2621,NV
2621,NY
2621,OH
2621,OK
2621,OR
2621,PA
2621,PR
2621,RI
2621,SC
2621,SD
2621,TN
2621,TX
2621,UT
2621,VA
2621,VI
2621,VT
2621,WA
2621,WI
2621,WV
2621,WY
2623,CT
2623,MA
2623,NY
2623,VT
2624,AR
2624,MS
2624,TN
2625,ND
2626,LA
2626,NM
2626,TX
2627,MD
2627,TN
2627,VA
2627,WV
2628,MT
2629,TX
2630,CA
2631,MI
2632,MI
2633,MI
2634,MI
2635,MI
2636,MI
2638,MI
2641,OK
2644,MI
2646,MI
2648,MI
2649,MI
2650,MI
2651,MI
2652,MI
2653,MI
2654,MI
2655,CA
2656,CA
2657,CA
2658,IA
2659,AK
2659,AL
2659,AR
2659,AS
2659,AZ
2659,CA
2659,CO
2659,CT
2659,DC
2659,DE
2659,FL
2659,GA
2659,GU
2659,HI
2659,IA
2659,ID
2659,IL
2659,IN
2659,KS
2659,KY
2659,LA
2659,MA
2659,MD
2659,ME
2659,MI
2659,MN
2659,MO
2659,MP
2659,MS
2659,MT
2659,NC
2659,ND
2659,NE
2659,NH
2659,NJ
2659,NM
2659,NV
2659,NY
2659,OH
2659,OK
2659,OR
2659,PA
2659,PR
2659,RI
2659,SC
2659,SD
2659,TN
2659,TX
2659,UT
2659,VA
2659,VI
2659,VT
2659,WA
2659,WI
2659,WV
2659,WY
2661,AZ
2662,FL
2665,CO
2665,DC
2665,MD
2665,NC
2665,VA
2665,WV
2667,OH
2668,GA
2669,AL
2669,LA
2669,MS
2669,NC
2669,OH
2669,SC
2669,TX
2669,VA
2670,KY
2671,NY
2672,IL
2673,IL
2675,NY
2677,PA
2678,MT
2678,ND
2678,SD
2679,KS
2680,WI
2683,MO
2685,PA
2688,ID
2690,CA
2691,TX
2692,AK
2692,FL
2692,GA
2692,IA
2692,ID
2692,IL
2692,IN
2692,KS
2692,KY
2692,LA
2692,MI
2692,MN
2692,MS
2692,NV
2692,NY
2692,OH
2692,PR
2692,SC
2692,TN
2692,TX
2692,WV
2693,AL
2695,FL
2697,AL
2697,LA
2697,MS
2697,TX
2699,MN
2700,NC
2701,AL
2702,GA
2705,PA
2706,WI
2708,FL
2710,FL
2712,AZ
2713,MO
2714,AL
2716,PA
2717,NY
2718,TX
2721,MI
2722,OK
2722,TX
2723,OK
2724,KY
2725,KS
2728,KY
2730,WV
2731,GA
2732,NM
2732,TX
2733,NM
2734,NM
2737,TX
2738,OK
2739,OK
2740,OK
2742,CA
2743,OH
2746,IN
2747,AZ
2748,KY
2750,CO
2752,AL
2752,AR
2752,FL
2752,GA
2752,IA
2752,IL
2752,KS
2752,KY
2752,LA
2752,MO
2752,MS
2752,NE
2752,OK
2752,TN
2752,TX
2753,CA
2754,MI
2755,MI
2756,TX
2757,CA
2759,SC
2760,NJ
2761,TN
2762,WV
2763,MN
2764,CA
2768,TX
2769,MO
2770,NJ
2771,NH
2772,WI
2773,MI
2773,OH
2774,MI
2778,DC
2778,IL
2779,PR
2783,CO
2785,CA
2786,GA
2787,NC
2790,AK
2790,AL
2790,AR
2790,AZ
2790,CA
2790,CO
2790,CT
2790,DC
2790,DE
2790,FL
2790,GA
2790,HI
2790,IA
2790,ID
2790,IL
2790,IN
2790,KS
2790,KY
2790,LA
2790,MA
2790,MD
2790,ME
2790,MI
2790,MN
2790,MO
2790,MS
2790,MT
2790,NC
2790,ND
2790,NE
2790,NH
2790,NJ
2790,NM
2790,NV
2790,NY
2790,OH
2790,OK
2790,OR
2790,PA
2790,RI
2790,SC
2790,SD
2790,TN
2790,TX
2790,UT
2790,VA
2790,VT
2790,WA
2790,WI
2790,WV
2790,WY
2792,FL
2793,NJ
2794,FL
2795,AL
2797,WV
2799,NJ
2800,FL
2810,AZ
2811,PR
2812,TX
2813,ND
2813,SD
2814,OH
2817,CA
2818,MO
2819,AK
2819,AL
2819,AR
2819,AS
2819,AZ
2819,CA
2819,CO
2819,CT
2819,DC
2819,DE
2819,FL
2819,GA
2819,GU
2819,HI
2819,IA
2819,ID
2819,IL
2819,IN
2819,KS
2819,KY
2819,LA
2819,MA
2819,MD
2819,ME
2819,MI
2819,MN
2819,MO
2819,MP
2819,MS
2819,MT
2819,NC
2819,ND
2819,NE
2819,NH
2819,NJ
2819,NM
2819,NV
2819,NY
2819,OH
2819,OK
2819,OR
2819,PA
2819,PR
2819,RI
2819,SC
2819,SD
2819,TN
2819,TX
2819,UT
2819,VA
2819,VI
2819,VT
2819,WA
2819,WI
2819,WV
2819,WY
2822,CA
2823,IL
2824,VA
2826,IL
2827,UT
2829,GA
2830,ND
2832,NH
2833,AK
2833,AL
2833,AR
2833,AZ
2833,CA
2833,CO
2833,CT
2833,DE
2833,FL
2833,GA
2833,GU
2833,HI
2833,IA
2833,ID
2833,IL
2833,IN
2833,KS
2833,KY
2833,LA
2833,MA
2833,MD
2833,ME
2833,MI
2833,MN
2833,MO
2833,MP
2833,MS
2833,MT
2833,NC
2833,ND
2833,NE
2833,NH
2833,NJ
2833,NM
2833,NV
2833,NY
2833,OH
2833,OK
2833,OR
2833,PA
2833,PR
2833,RI
2833,SC
2833,SD
2833,TN
2833,TX
2833,UT
2833,VA
2833,VI
2833,VT
2833,WA
2833,WI
2833,WV
2833,WY
2834,MI
2835,UT
2836,VT
2837,AK
2837,AL
2837,AR
2837,AS
2837,AZ
2837,CA
2837,CO
2837,CT
2837,DC
2837,DE
2837,FL
2837,GA
2837,GU
2837,HI
2837,IA
2837,ID
2837,IL
2837,IN
2837,KS
2837,KY
2837,LA
2837,MA
2837,MD
2837,ME
2837,MI
2837,MN
2837,MO
2837,MP
2837,MS
2837,MT
2837,NC
2837,ND
2837,NE
2837,NH
2837,NJ
2837,NM
2837,NV
2837,NY
2837,OH
2837,OK
2837,OR
2837,PA
2837,PR
2837,RI
2837,SC
2837,SD
2837,TN
2837,TX
2837,UT
2837,VA
2837,VI
2837,VT
2837,WA
2837,WI
2837,WV
2837,WY
2839,GA
2840,CA
2840,NV
2841,KY
2842,IL
2847,OH
2848,AZ
2849,AK
2849,AL
2849,AZ
2849,CA
2849,FL
2849,GA
2849,HI
2849,IL
2849,LA
2849,MA
2849,MS
2849,PA
2849,SC
2849,TX
2849,WA
2850,AR
2850,LA
2851,CA
2853,AK
2853,AL
2853,AR
2853,AS
2853,AZ
2853,CA
2853,CO
2853,CT
2853,DC
2853,DE
2853,FL
2853,GA
2853,GU
2853,HI
2853,IA
2853,ID
2853,IL
2853,IN
2853,KS
2853,KY
2853,LA
2853,MA
2853,MD
2853,ME
2853,MI
2853,MN
2853,MO
2853,MP
2853,MS
2853,MT
2853,NC
2853,ND
2853,NE
2853,NH
2853,NJ
2853,NM
2853,NV
2853,NY
2853,OH
2853,OK
2853,OR
2853,PA
2853,PR
2853,RI
2853,SC
2853,SD
2853,TN
2853,TX
2853,UT
2853,VA
2853,VI
2853,VT
2853,WA
2853,WI
2853,WV
2853,WY
2859,AZ
2859,ID
2859,MT
2859,OR
2859,UT
2859,WY
2860,TX
2861,WA
2864,TX
2866,CA
2867,CA
2867,MD
2867,NC
2867,NM
2867,WA
2869,TX
2870,LA
2873,OK
2874,NY
2875,SC
2879,NM
2880,AR
2883,WV
2887,VA
2890,TX
2891,NJ
2894,OH
2895,CA
2896,AZ
2897,CA
2897,MD
2897,NC
2897,NM
2897,WA
2898,KS
2898,MO
2899,MO
2901,NY
2905,MP
2908,LA
2909,OR
2912,GU
2914,GA
2915,MP
2916,DC
2919,TX
2923,LA
2924,AL
2925,OK
2926,PA
2927,NM
2928,CA
2929,HI
2931,TX
2932,NY
2934,CA
2935,WA
2936,TX
2940,AR
2940,CO
2940,LA
2940,MS
2940,TN
2940,TX
2942,AK
2943,AK
2946,WI
2949,FL
2952,OK
2954,MI
2955,OH
2957,SC
2959,ID
2960,MS
2961,AK
2963,MI
2964,IL
2965,CA
2966,NC
2967,CA
2968,NY
2969,IL
2969,IN
2969,MA
2969,MI
2969,MN
2969,VT
2970,CA
2971,CO
2972,NV
2973,NC
2974,AL
2975,AZ
2975,NM
2975,UT
2976,PA
2980,UT
2985,CA
2986,PA
2987,TN
2988,TX
2990,OK
2991,AK
2991,AL
2991,AR
2991,AS
2991,AZ
2991,CA
2991,CO
2991,CT
2991,DC
2991,DE
2991,FL
2991,GA
2991,GU
2991,HI
2991,IA
2991,ID
2991,IL
2991,IN
2991,KS
2991,KY
2991,LA
2991,MA
2991,MD
2991,ME
2991,MI
2991,MN
2991,MO
2991,MP
2991,MS
2991,MT
2991,NC
2991,ND
2991,NE
2991,NH
2991,NJ
2991,NM
2991,NV
2991,NY
2991,OH
2991,OK
2991,OR
2991,PA
2991,PR
2991,RI
2991,SC
2991,SD
2991,TN
2991,TX
2991,UT
2991,VA
2991,VI
2991,VT
2991,WA
2991,WI
2991,WV
2991,WY
2992,CA
2995,IA
2998,MN
3000,MA
3002,CA
3003,NY
3004,PA
3005,IL
3007,ME
3010,VA
3010,WV
3014,OH
3016,AK
3016,AL
3016,AR
3016,AS
3016,AZ
3016,CA
3016,CO
3016,CT
3016,DC
3016,DE
3016,FL
3016,GA
3016,GU
3016,HI
3016,IA
3016,ID
3016,IL
3016,IN
3016,KS
3016,KY
3016,LA
3016,MA
3016,MD
3016,ME
3016,MI
3016,MN
3016,MO
3016,MP
3016,MS
3016,MT
3016,NC
3016,ND
3016,NE
3016,NH
3016,NJ
3016,NM
3016,NV
3016,NY
3016,OH
3016,OK
3016,OR
3016,PA
3016,PR
3016,RI
3016,SC
3016,SD
3016,TN
3016,TX
3016,UT
3016,VA
3016,VI
3016,VT
3016,WA
3016,WI
3016,WV
3016,WY
3017,AK
3017,AL
3017,AR
3017,AS
3017,AZ
3017,CA
3017,CO
3017,CT
3017,DC
3017,DE
3017,FL
3017,GA
3017,GU
3017,HI
3017,IA
3017,ID
3017,IL
3017,IN
3017,KS
3017,KY
3017,LA
3017,MA
3017,MD
3017,ME
3017,MI
3017,MN
3017,MO
3017,MP
3017,MS
3017,MT
3017,NC
3017,ND
3017,NE
3017,NH
3017,NJ
3017,NM
3017,NV
3017,NY
3017,OH
3017,OK
3017,OR
3017,PA
3017,PR
3017,RI
3017,SC
3017,SD
3017,TN
3017,TX
3017,UT
3017,VA
3017,VI
3017,VT
3017,WA
3017,WI
3017,WV
3017,WY
3020,IN
3021,LA
3023,GA
3025,IL
3026,MO
3027,TX
3029,OH
3031,NY
3034,TX
3035,WI
3036,NV
3038,PA
3039,OH
3040,TN
3043,KY
3044,CA
3046,OH
3048,AL
3049,TX
3050,UT
3051,IN
3054,AL
3056,PA
3057,CA
3059,FL
3061,IL
3063,CO
3064,TX
3065,TX
3066,NY
3067,TX
3067,VA
3069,IL
3071,IA
3072,AR
3073,AR
3076,TX
3080,PR
3082,SC
3085,GA
3087,ME
3088,KY
3091,TX
3093,OR
3094,CA
3094,DC
3094,FL
3094,GA
3094,IL
3094,IN
3094,MD
3094,MI
3094,MO
3094,NC
3094,NJ
3094,NY
3094,OH
3094,PA
3094,TX
3094,VA
3095,OK
3097,TX
3098,CA
3099,CA
3100,AL
3102,OK
3102,TX
3103,AK
3108,WV
3113,OH
3114,NH
3116,WI
3117,OH
3118,AK
3118,AL
3118,AR
3118,AS
3118,AZ
3118,CA
3118,CO
3118,CT
3118,DC
3118,DE
3118,FL
3118,GA
3118,GU
3118,HI
3118,IA
3118,ID
3118,IL
3118,IN
3118,KS
3118,KY
3118,LA
3118,MA
3118,MD
3118,ME
3118,MI
3118,MN
3118,MO
3118,MP
3118,MS
3118,MT
3118,NC
3118,ND
3118,NE
3118,NH
3118,NJ
3118,NM
3118,NV
3118,NY
3118,OH
3118,OK
3118,OR
3118,PA
3118,PR
3118,RI
3118,SC
3118,SD
3118,TN
3118,TX
3118,UT
3118,VA
3118,VI
3118,VT
3118,WA
3118,WI
3118,WV
3118,WY
3119,MI
3121,AZ
3124,PA
3125,TX
3129,AL
3129,AR
3129,AZ
3129,CA
3129,CO
3129,CT
3129,DC
3129,DE
3129,FL
3129,GA
3129,IA
3129,ID
3129,IL
3129,IN
3129,KS
3129,KY
3129,LA
3129,MA
3129,MD
3129,ME
3129,MI
3129,MN
3129,MO
3129,MS
3129,MT
3129,NC
3129,ND
3129,NE
3129,NH
3129,NJ
3129,NM
3129,NV
3129,NY
3129,OH
3129,OK
3129,OR
3129,PA
3129,PR
3129,RI
3129,SC
3129,SD
3129,TN
3129,TX
3129,UT
3129,VA
3129,VT
3129,WA
3129,WI
3129,WV
3129,WY
3130,AR
3132,MI
3136,TX
3137,AR
3138,AK
3139,NC
3140,WI
3143,CO
3145,MI
3146,OH
3147,GA
3149,WI
3151,TX
3152,WI
3154,AL
3154,AR
3154,CA
3154,FL
3154,GA
3154,IL
3154,IN
3156,CA
3157,MN
3158,MA
3159,MO
3161,CA
3161,KS
3161,LA
3161,MO
3163,TX
3166,TX
3168,MI
3173,LA
3177,MA
3178,IL
3179,TX
3181,MI
3184,TX
3187,AL
3187,AR
3187,CA
3187,CT
3187,DE
3187,FL
3187,GA
3187,IA
3187,IL
3187,IN
3187,KS
3187,KY
3187,LA
3187,MA
3187,MD
3187,ME
3187,MI
3187,MN
3187,MO
3187,MS
3187,NC
3187,ND
3187,NE
3187,NH
3187,NJ
3187,NY
3187,OH
3187,OK
3187,OR
3187,PA
3187,RI
3187,SC
3187,SD
3187,TN
3187,TX
3187,VA
3187,VT
3187,WA
3187,WI
3187,WV
3188,VA
3190,AL
3190,LA
3190,MS
3190,NC
3190,OH
3190,SC
3190,TX
3190,VA
3191,OR
3192,DC
3192,MD
3193,OH
3195,MD
3196,WI
3197,KY
3197,MO
3197,TN
3201,AR
3202,IL
3207,NJ
3211,AZ
3212,MO
3217,IN
3221,TX
3222,NH
3224,NY
3225,IN
3226,OR
3232,WA
3234,MI
3236,TX
3237,OR
3239,MO
3240,LA
3243,WI
3244,CA
3245,AK
3245,AL
3245,AR
3245,AS
3245,AZ
3245,CA
3245,CO
3245,CT
3245,DC
3245,DE
3245,FL
3245,GA
3245,GU
3245,HI
3245,IA
3245,ID
3245,IL
3245,IN
3245,KS
3245,KY
3245,LA
3245,MA
3245,MD
3245,ME
3245,MI
3245,MN
3245,MO
3245,MP
3245,MS
3245,MT
3245,NC
3245,ND
3245,NE
3245,NH
3245,NJ
3245,NM
3245,NV
3245,NY
3245,OH
3245,OK
3245,OR
3245,PA
3245,PR
3245,RI
3245,SC
3245,SD
3245,TN
3245,TX
3245,UT
3245,VA
3245,VI
3245,VT
3245,WA
3245,WI
3245,WV
3245,WY
3246,MI
3247,AR
3247,VA
3248,TX
3249,TX
3252,OK
3257,VA
3258,MT
3259,MI
3260,OH
3261,OH
3262,IL
3263,IL
3265,MI
3266,AL
3266,GA
3266,MS
3267,IL
3268,MI
3270,MI
3272,AL
3275,MI
3276,AL
3276,AR
3276,AZ
3276,CA
3276,CO
3276,CT
3276,DC
3276,DE
3276,FL
3276,GA
3276,IA
3276,ID
3276,IL
3276,IN
3276,KS
3276,KY
3276,LA
3276,MA
3276,MD
3276,ME
3276,MI
3276,MN
3276,MO
3276,MS
3276,MT
3276,NC
3276,ND
3276,NE
3276,NH
3276,NJ
3276,NM
3276,NV
3276,NY
3276,OH
3276,OK
3276,OR
3276,PA
3276,RI
3276,SC
3276,SD
3276,TN
3276,TX
3276,UT
3276,VA
3276,VT
3276,WA
3276,WI
3276,WV
3276,WY
3279,TX
3280,NV
3281,NY
3282,OR
3283,AL
3283,GA
3283,MS
3289,UT
3290,NY
3291,NY
3295,AK
3299,OK
3300,CA
3301,CA
3302,CA
3306,OH
3308,NJ
3309,PR
3310,NJ
3312,FL
3313,OH
3316,VA
3317,OH
3321,KS
3325,AL
3325,AR
3325,FL
3325,GA
3325,IL
3325,LA
3325,MD
3325,MO
3325,MS
3325,NC
3325,OH
3325,OK
3325,SC
3325,TN
3325,TX
3328,GA
3330,PA
3331,CT
3334,CA
3336,CA
3339,MO
3344,AZ
3345,CO
3347,TX
3348,TX
3349,MD
3353,WA
3355,TX
3356,LA
3357,LA
3362,WA
3365,VA
3371,GA
3372,CA
3375,CA
3376,KS
3377,ME
3379,WV
3381,CA
3382,AL
3382,AR
3382,AZ
3382,CA
3382,CO
3382,CT
3382,DE
3382,FL
3382,GA
3382,IA
3382,ID
3382,IL
3382,IN
3382,KS
3382,KY
3382,LA
3382,MA
3382,MD
3382,ME
3382,MI
3382,MN
3382,MO
3382,MS
3382,MT
3382,NC
3382,ND
3382,NE
3382,NH
3382,NJ
3382,NM
3382,NV
3382,NY
3382,OH
3382,OK
3382,OR
3382,PA
3382,RI
3382,SC
3382,SD
3382,TN
3382,TX
3382,UT
3382,VA
3382,VT
3382,WA
3382,WI
3382,WV
3382,WY
3384,SC
3385,ND
3385,SD
3389,CA
3391,CO
3392,AL
3392,FL
3392,GA
3392,KY
3392,NC
3392,SC
3392,TN
3394,AL
3397,CA
3398,TX
3401,NM
3405,NY
3406,OK
3409,MD
3414,MS
3421,SD
3422,MO
3423,MS
3424,MS
3425,MS
3430,MA
3432,AL
3433,AZ
3433,NM
3433,UT
3435,GA
3438,AZ
3438,NM
3438,UT
3439,WA
3440,GA
3444,KS
3448,NC
3451,GA
3452,GA
3455,OH
3461,CA
3462,WA
3463,ID
3471,NY
3473,CO
3474,WA
3475,WA
3476,CA
3479,OR
3481,WA
3485,WA
3501,AL
3501,GA
3501,MS
3504,IL
3507,OK
3507,TX
3510,AZ
3510,NM
3512,GA
3515,CA
3516,CO
3518,GA
3519,GA
3523,GA
3528,DC
3528,MD
3528,VA
3532,GA
3533,GA
3534,GA
3539,ID
3543,TX
3547,MO
3548,PR
3549,NV
3552,GA
3557,AK
3557,AL
3557,AR
3557,AS
3557,AZ
3557,CA
3557,CO
3557,CT
3557,DC
3557,DE
3557,FL
3557,GA
3557,GU
3557,HI
3557,IA
3557,ID
3557,IL
3557,IN
3557,KS
3557,KY
3557,LA
3557,MA
3557,MD
3557,ME
3557,MI
3557,MN
3557,MO
3557,MP
3557,MS
3557,MT
3557,NC
3557,ND
3557,NE
3557,NH
3557,NJ
3557,NM
3557,NV
3557,NY
3557,OH
3557,OK
3557,OR
3557,PA
3557,PR
3557,RI
3557,SC
3557,SD
3557,TN
3557,TX
3557,UT
3557,VA
3557,VI
3557,VT
3557,WA
3557,WI
3557,WV
3557,WY
3560,GA
3563,AR
3567,GA
3569,GA
3572,CA
3573,GA
3574,CA
3576,WI
3578,AK
3578,AL
3578,AR
3578,AS
3578,AZ
3578,CA
3578,CO
3578,CT
3578,DC
3578,DE
3578,FL
3578,GA
3578,GU
3578,HI
3578,IA
3578,ID
3578,IL
3578,IN
3578,KS
3578,KY
3578,LA
3578,MA
3578,MD
3578,ME
3578,MI
3578,MN
3578,MO
3578,MP
3578,MS
3578,MT
3578,NC
3578,ND
3578,NE
3578,NH
3578,NJ
3578,NM
3578,NV
3578,NY
3578,OH
3578,OK
3578,OR
3578,PA
3578,PR
3578,RI
3578,SC
3578,SD
3578,TN
3578,TX
3578,UT
3578,VA
3578,VI
3578,VT
3578,WA
3578,WI
3578,WV
3578,WY
3579,GA
3580,GA
3582,GA
3583,GA
3585,GA
3586,GA
3597,GA
3598,IN
3598,OH
3601,MI
3605,GA
3606,GA
3607,GA
3608,GA
3609,GA
3613,AZ
3613,CA
3616,TX
3618,GA
3621,GA
3635,UT
3636,GA
3638,WA
3639,CA
3643,FL
3645,OH
3646,NY
3648,CA
3648,IL
3648,OR
3648,PA
3650,NY
3662,FL
3663,PA
3664,VA
3669,KS
3674,PR
3679,TX
3683,GA
3687,TX
3688,MI
3693,ME
3694,IA
3698,OK
3700,IA
3701,VA
3704,CO
3709,TX
3710,IA
3711,CO
3713,IA
3716,IN
3716,NY
3716,SD
3718,AL
3718,DE
3718,FL
3718,GA
3718,MD
3718,NC
3718,NJ
3718,PA
3718,SC
3718,VA
3723,SC
3726,NY
3735,NC
3741,NM
3744,AK
3746,CA
3748,CA
3756,WA
3757,MI
3758,VA
3759,CA
3765,WI
3770,KY
3774,DC
3774,DE
3774,FL
3774,MD
3774,NC
3774,NJ
3774,VA
3787,ME
3788,PA
3792,CA
3793,FL
3803,WI
3810,MO
3814,AK
3814,AL
3814,AR
3814,AS
3814,AZ
3814,CA
3814,CO
3814,CT
3814,DC
3814,DE
3814,FL
3814,GA
3814,GU
3814,HI
3814,IA
3814,ID
3814,IL
3814,IN
3814,KS
3814,KY
3814,LA
3814,MA
3814,MD
3814,ME
3814,MI
3814,MN
3814,MO
3814,MP
3814,MS
3814,MT
3814,NC
3814,ND
3814,NE
3814,NH
3814,NJ
3814,NM
3814,NV
3814,NY
3814,OH
3814,OK
3814,OR
3814,PA
3814,PR
3814,RI
3814,SC
3814,SD
3814,TN
3814,TX
3814,UT
3814,VA
3814,VI
3814,VT
3814,WA
3814,WI
3814,WV
3814,WY
3816,TX
3819,NJ
3822,UT
3824,CA
3830,TX
3834,DC
3834,MD
3836,ND
3836,SD
3837,TX
3840,CO
3843,ID
3851,CO
3852,CA
3858,AK
3866,TX
3867,NH
3867,VT
3870,CA
3882,AR
3891,NY
3892,PA
3897,NM
3899,NM
3900,IL
3906,AL
3912,AK
3912,AL
3912,AR
3912,AS
3912,AZ
3912,CA
3912,CO
3912,CT
3912,DC
3912,DE
3912,FL
3912,GA
3912,GU
3912,HI
3912,IA
3912,ID
3912,IL
3912,IN
3912,KS
3912,KY
3912,LA
3912,MA
3912,MD
3912,ME
3912,MI
3912,MN
3912,MO
3912,MP
3912,MS
3912,MT
3912,NC
3912,ND
3912,NE
3912,NH
3912,NJ
3912,NM
3912,NV
3912,NY
3912,OH
3912,OK
3912,OR
3912,PA
3912,PR
3912,RI
3912,SC
3912,SD
3912,TN
3912,TX
3912,UT
3912,VA
3912,VI
3912,VT
3912,WA
3912,WI
3912,WV
3912,WY
3914,TX
3925,LA
3929,PR
3933,PA
3934,MI
3944,PA
3947,AL
3948,TX
3952,MI
3954,TX
3955,NY
3961,AK
3961,AL
3961,AR
3961,AS
3961,AZ
3961,CA
3961,CO
3961,CT
3961,DC
3961,DE
3961,FL
3961,GA
3961,GU
3961,HI
3961,IA
3961,ID
3961,IL
3961,IN
3961,KS
3961,KY
3961,LA
3961,MA
3961,MD
3961,ME
3961,MI
3961,MN
3961,MO
3961,MP
3961,MS
3961,MT
3961,NC
3961,ND
3961,NE
3961,NH
3961,NJ
3961,NM
3961,NV
3961,NY
3961,OH
3961,OK
3961,OR
3961,PA
3961,PR
3961,RI
3961,SC
3961,SD
3961,TN
3961,TX
3961,UT
3961,VA
3961,VI
3961,VT
3961,WA
3961,WI
3961,WV
3961,WY
3964,DC
3971,CA
3971,DC
3971,LA
3971,NY
3972,PA
3973,KS
3974,GA
3978,MO
3979,AL
3982,MI
3982,NM
3982,TX
3993,PR
3997,AR
3998,IN
3999,NM
3999,OR
4005,MD
4019,IL
4023,AL
4032,GA
4037,KS
4038,GU
4039,MO
4045,AZ
4054,NJ
4057,NH
4058,MI
4064,MI
4068,SC
4069,MI
4082,VI
4087,GA
4088,AK
4088,AL
4088,AR
4088,AS
4088,AZ
4088,CA
4088,CO
4088,CT
4088,DC
4088,DE
4088,FL
4088,GA
4088,GU
4088,HI
4088,IA
4088,ID
4088,IL
4088,IN
4088,KS
4088,KY
4088,LA
4088,MA
4088,MD
4088,ME
4088,MI
4088,MN
4088,MO
4088,MP
4088,MS
4088,MT
4088,NC
4088,ND
4088,NE
4088,NH
4088,NJ
4088,NM
4088,NV
4088,NY
4088,OH
4088,OK
4088,OR
4088,PA
4088,PR
4088,RI
4088,SC
4088,SD
4088,TN
4088,TX
4088,UT
4088,VA
4088,VI
4088,VT
4088,WA
4088,WI
4088,WV
4088,WY
4095,IL
4098,DE
4098,PA
4101,FL
4103,KS
4111,PR
4112,MI
4113,MI
4116,KS
4134,PA
4139,CA
4140,PA
4141,OH
4142,OR
4143,CA
4144,KS
4145,MN
4146,MN
4147,MN
4148,MN
4149,AK
4150,KS
4152,KS
4153,NV
4153,UT
4155,KS
4156,NJ
4156,NY
4156,PA
4157,VA
4158,OK
4159,OR
4160,IN
4161,KY
4162,OK
4163,AZ
4164,TX
4165,VA
4166,KY
4167,GA
4168,GA
4169,IL
4170,VA
4171,VA
4172,OR
4173,AZ
4174,CA
4176,NC
4178,GA
4179,MA
4180,NC
4181,NY
4182,VA
4183,AL
4184,NM
4185,NY
4194,OR
4197,IN
4198,PA
4202,PR
4207,KS
4207,MO
4207,OK
4215,GA
4217,RI
4218,NC
4227,OH
4229,IL
4232,IL
4235,FL
4237,NY
4239,TN
4243,IL
4245,NH
4245,VT
4248,NH
4250,IL
4255,AL
4255,GA
4266,PA
4278,ND
4279,ID
4285,KS
4285,MO
4285,OK
4286,IL
4289,MS
4296,MA
4296,MD
4296,TN
4298,IL
4299,MN
4300,NC
4305,KY
4311,VA
4315,MS
4316,AL
4316,GA
4317,IL
4318,MA
4324,CA
4324,GA
4324,MS
4324,NY
4325,AL
4325,GA
4327,CA
4327,CT
4327,MI
4331,AL
4342,OR
4343,NY
4345,NY
4349,LA
4357,NY
4359,MO
4373,FL
4374,GA
4380,MI
4380,WI
4384,CA
4386,AK
4387,CA
4390,CA
4391,NY
4393,CA
4395,OH
4422,MA
4422,RI
4427,HI
4428,IL
4431,VA
4433,MN
4435,AZ
4435,CA
4435,NM
4435,NV
4435,UT
4439,TN
4452,KS
4453,AK
4453,AZ
4453,CA
4453,CO
4453,DC
4453,FL
4453,HI
4453,IL
4453,KY
4453,MN
4453,NM
4453,NY
4453,OR
4453,SD
4453,WI
4456,ID
4458,AK
4458,AL
4458,AR
4458,AZ
4458,CA
4458,CO
4458,CT
4458,DC
4458,DE
4458,FL
4458,GA
4458,HI
4458,IA
4458,ID
4458,IL
4458,IN
4458,KS
4458,KY
4458,LA
4458,MA
4458,MD
4458,ME
4458,MI
4458,MN
4458,MO
4458,MS
4458,MT
4458,NC
4458,ND
4458,NE
4458,NH
4458,NJ
4458,NM
4458,NV
4458,NY
4458,OH
4458,OK
4458,OR
4458,PA
4458,RI
4458,SC
4458,SD
4458,TN
4458,TX
4458,UT
4458,VA
4458,VT
4458,WA
4458,WI
4458,WV
4458,WY
4463,GA
4464,CA
4467,NH
4468,AK
4468,AZ
4468,CO
4468,ID
4468,MT
4468,ND
4468,NE
4468,NM
4468,OR
4468,SD
4468,UT
4468,WA
4471,NY
4472,MN
4480,MA
4491,CA
4493,AR
4505,UT
4506,VA
4513,IL
4516,MD
4521,MO
4522,GA
4522,MO
4523,IL
4540,CA
4544,OK
4546,NY
4548,WV
4561,IL
4580,NJ
4581,AK
4583,CA
4589,AK
4589,AL
4589,AR
4589,AZ
4589,CA
4589,CO
4589,CT
4589,DC
4589,DE
4589,FL
4589,GA
4589,HI
4589,IA
4589,ID
4589,IL
4589,IN
4589,KS
4589,KY
4589,LA
4589,MA
4589,MD
4589,ME
4589,MI
4589,MN
4589,MO
4589,MS
4589,MT
4589,NC
4589,ND
4589,NE
4589,NH
4589,NJ
4589,NM
4589,NV
4589,NY
4589,OH
4589,OK
4589,OR
4589,PA
4589,RI
4589,SC
4589,SD
4589,TN
4589,TX
4589,UT
4589,VA
4589,VT
4589,WA
4589,WI
4589,WV
4589,WY
4605,NM
4620,KS
4620,MO
4625,MI
4627,CA
4627,DC
4627,GA
4627,LA
4627,NY
4630,AK
4630,AL
4630,AR
4630,AS
4630,AZ
4630,CA
4630,CO
4630,CT
4630,DC
4630,DE
4630,FL
4630,FM
4630,GA
4630,GU
4630,HI
4630,IA
4630,ID
4630,IL
4630,IN
4630,KS
4630,KY
4630,LA
4630,MA
4630,MD
4630,ME
4630,MH
4630,MI
4630,MN
4630,MO
4630,MP
4630,MS
4630,MT
4630,NC
4630,ND
4630,NE
4630,NH
4630,NJ
4630,NM
4630,NV
4630,NY
4630,OH
4630,OK
4630,OR
4630,PA
4630,PR
4630,PW
4630,RI
4630,SC
4630,SD
4630,TN
4630,TX
4630,UT
4630,VA
4630,VI
4630,VT
4630,WA
4630,WI
4630,WV
4630,WY
4633,IN
4634,NC
4642,AR
4644,TX
4648,NY
4651,GA
4657,PA
4658,MI
4658,MN
4658,WI
4660,GA
4660,SC
4662,FL
4664,PA
4671,WI
4672,CA
4672,MN
4672,WI
4677,FL
4686,MO
4693,FL
4722,MA
4727,CA
4728,OH
4736,AL
4741,NC
4756,CT
4766,MA
4769,NV
4773,AK
4773,AL
4773,AR
4773,AS
4773,AZ
4773,CA
4773,CO
4773,CT
4773,DC
4773,DE
4773,FL
4773,FM
4773,GA
4773,GU
4773,HI
4773,IA
4773,ID
4773,IL
4773,IN
4773,KS
4773,KY
4773,LA
4773,MA
4773,MD
4773,ME
4773,MH
4773,MI
4773,MN
4773,MO
4773,MP
4773,MS
4773,MT
4773,NC
4773,ND
4773,NE
4773,NH
4773,NJ
4773,NM
4773,NV
4773,NY
4773,OH
4773,OK
4773,OR
4773,PA
4773,PR
4773,PW
4773,RI
4773,SC
4773,SD
4773,TN
4773,TX
4773,UT
4773,VA
4773,VI
4773,VT
4773,WA
4773,WI
4773,WV
4773,WY
4774,MO
4776,WA
4781,WA
4807,FL
4808,OH
4809,VA
4816,VI
4818,ID
4826,TX
4827,PA
4831,MS
4832,MS
4841,CA
4843,DE
4845,AL
4847,LA
4852,AR
4853,UT
4858,CA
4865,MI
4866,MN
4867,CA
4869,AL
4870,GA
4871,CA
4882,NH
4884,AZ
4903,GA
4909,IL
4910,AZ
4910,CA
4910,NV
4911,AZ
4911,CA
4911,CO
4911,ID
4911,KS
4911,MD
4911,MN
4911,MO
4911,NM
4911,PA
4911,TX
4923,TX
4924,TX
4927,AK
4961,TX
4976,SC
4991,VA
4999,IN
5012,AL
5012,FL
5012,GA
5012,KY
5012,LA
5012,MS
5012,NC
5012,SC
5012,TN
5012,TX
5015,NJ
5015,NY
5015,PA
5017,FL
5022,ID
5026,NY
5028,SC
5042,NV
5046,CA
5047,CA
5049,PA
5067,FL
5068,CA
5072,MD
5073,NE
5075,NY
5090,CO
5105,SC
5112,MO
5114,OH
5116,DC
5117,DC
5118,DC
5121,IL
5129,MI
5130,MI
5131,IA
5135,NY
5136,WV
5141,IL
5151,IL
5153,IL
5158,WA
5159,CO
5160,PA
5177,MN
5180,OK
5182,FL
5188,OK
5194,GA
5198,CO
5201,CA
5202,KS
5209,WA
5212,WA
5217,CA
5222,NM
5224,CA
5230,SC
5231,SC
5246,NC
5247,NC
5253,GA
5254,PA
5300,PA
5302,KY
5305,GA
5306,OR
5307,MS
5313,WI
5318,CO
5319,NJ
5331,OH
5332,AR
5335,AK
5335,AL
5335,AR
5335,AS
5335,AZ
5335,CA
5335,CO
5335,CT
5335,DC
5335,DE
5335,FL
5335,FM
5335,GA
5335,GU
5335,HI
5335,IA
5335,ID
5335,IL
5335,IN
5335,KS
5335,KY
5335,LA
5335,MA
5335,MD
5335,ME
5335,MH
5335,MI
5335,MN
5335,MO
5335,MP
5335,MS
5335,MT
5335,NC
5335,ND
5335,NE
5335,NH
5335,NJ
5335,NM
5335,NV
5335,NY
5335,OH
5335,OK
5335,OR
5335,PA
5335,PR
5335,PW
5335,RI
5335,SC
5335,SD
5335,TN
5335,TX
5335,UT
5335,VA
5335,VI
5335,VT
5335,WA
5335,WI
5335,WV
5335,WY
5343,GA
5344,AK
5346,OH
5347,VA
5352,WI
5354,OR
5360,NY
5364,GA
5367,CA
5371,TN
5374,NV
5376,WA
5377,NY
5387,UT
5388,FL
5390,IA
5391,CA
5397,MN
5403,AL
5417,NY
5422,FL
5423,MN
5426,FL
5428,MN
5432,SC
5449,VA
5453,FL
5454,WA
5459,FL
5460,VA
5466,NY
5469,FL
5473,CA
5474,CO
5478,IL
5503,AL
5507,CA
5511,AZ
5511,NM
5511,UT
5516,CO
5517,AS
5517,FM
5517,GU
5517,HI
5517,MH
5517,MP
5517,PW
5518,AL
5522,TN
5538,MN
5545,LA
5546,MO
5555,RI
5558,AZ
5561,AK
5569,CA
5595,HI
5601,IA
5601,ID
5601,IL
5601,MN
5601,MT
5601,ND
5601,WA
5601,WI
5602,AL
5622,MI
5625,GA
5636,NC
5637,TX
5662,MO
5664,OH
5669,VA
5672,MN
5674,IN
5674,OH
5674,PA
5676,NC
5682,MI
5683,KY
5684,CA
5690,AZ
5690,CA
5690,CO
5690,DC
5690,MA
5690,MN
5690,NJ
5690,NY
5690,OH
5690,OR
5690,PA
5690,TX
5690,VT
5693,KY
5695,MA
5697,AK
5697,AL
5697,AR
5697,AS
5697,AZ
5697,CA
5697,CO
5697,CT
5697,DC
5697,DE
5697,FL
5697,FM
5697,GA
5697,GU
5697,HI
5697,IA
5697,ID
5697,IL
5697,IN
5697,KS
5697,KY
5697,LA
5697,MA
5697,MD
5697,ME
5697,MH
5697,MI
5697,MN
5697,MO
5697,MP
5697,MS
5697,MT
5697,NC
5697,ND
5697,NE
5697,NH
5697,NJ
5697,NM
5697,NV
5697,NY
5697,OH
5697,OK
5697,OR
5697,PA
5697,PR
5697,PW
5697,RI
5697,SC
5697,SD
5697,TN
5697,TX
5697,UT
5697,VA
5697,VI
5697,VT
5697,WA
5697,WI
5697,WV
5697,WY
5699,AR
5700,NM
5701,NM
5703,TX
5704,IL
5704,IN
5704,MI
5704,WI
5709,WI
5710,WI
5711,CA
5714,UT
5718,CA
5719,CA
5723,AL
5724,AZ
5725,OK
5725,TX
5732,TX
5738,FL
5740,AL
5740,AR
5740,CA
5740,DC
5740,FL
5740,GA
5740,IL
5740,IN
5740,KY
5740,LA
5740,MA
5740,MD
5740,MI
5740,MN
5740,MO
5740,MS
5740,NC
5740,NJ
5740,NY
5740,OH
5740,OK
5740,PA
5740,SC
5740,TN
5740,TX
5740,VA
5740,WI
5745,NM
5748,GA
5752,CA
5763,AL
5764,NY
5766,AL
5767,NH
5772,FL
5773,FL
5775,CA
5777,DC
5779,FL
5783,NY
5786,HI
5787,TX
5789,NC
5791,NC
5801,KY
5809,CO
5820,MN
5840,CA
5843,AL
5884,OR
5886,HI
5900,TX
5910,HI
5943,KY
5946,NJ
5966,IL
5991,KS
5991,OK
5994,TX
5998,TX
6000,MI
6001,MA
6002,NE
6008,WY
6010,NY
6021,NC
6023,NC
6025,PA
6027,FL
6033,IL
6054,NY
6055,CA
6058,MA
6064,PR
6065,NV
6068,TN
6069,IN
6071,CA
6071,HI
6071,NM
6071,OR
6071,UT
6071,WA
6073,OR
6074,PR
6075,MI
6081,AK
6081,AL
6081,AR
6081,AS
6081,AZ
6081,CA
6081,CO
6081,CT
6081,DC
6081,DE
6081,FL
6081,FM
6081,GA
6081,GU
6081,HI
6081,IA
6081,ID
6081,IL
6081,IN
6081,KS
6081,KY
6081,LA
6081,MA
6081,MD
6081,ME
6081,MH
6081,MI
6081,MN
6081,MO
6081,MP
6081,MS
6081,MT
6081,NC
6081,ND
6081,NE
6081,NH
6081,NJ
6081,NM
6081,NV
6081,NY
6081,OH
6081,OK
6081,OR
6081,PA
6081,PR
6081,PW
6081,RI
6081,SC
6081,SD
6081,TN
6081,TX
6081,UT
6081,VA
6081,VI
6081,VT
6081,WA
6081,WI
6081,WV
6081,WY
6082,NY
6084,OH
6092,MT
6095,AK
6095,AL
6095,AR
6095,AS
6095,AZ
6095,CA
6095,CO
6095,CT
6095,DC
6095,DE
6095,FL
6095,FM
6095,GA
6095,GU
6095,HI
6095,IA
6095,ID
6095,IL
6095,IN
6095,KS
6095,KY
6095,LA
6095,MA
6095,MD
6095,ME
6095,MH
6095,MI
6095,MN
6095,MO
6095,MP
6095,MS
6095,MT
6095,NC
6095,ND
6095,NE
6095,NH
6095,NJ
6095,NM
6095,NV
6095,NY
6095,OH
6095,OK
6095,OR
6095,PA
6095,PR
6095,PW
6095,RI
6095,SC
6095,SD
6095,TN
6095,TX
6095,UT
6095,VA
6095,VI
6095,VT
6095,WA
6095,WI
6095,WV
6095,WY
6111,AK
6111,CO
6111,OH
6111,TX
6111,WA
6113,NV
6119,SD
6122,MS
6145,CA
6156,WA
6160,AZ
6160,CA
6160,HI
6160,NV
6161,LA
6178,ND
6183,MO
6186,MA
6197,NE
6198,MO
6207,KS
6216,NM
6218,LA
6221,AZ
6224,NY
6233,OH
6234,GA
6235,NJ
6238,NY
6239,FL
6245,VT
6247,NJ
6251,NC
6255,OH
6258,NJ
6260,TX
6261,TX
6263,IL
6273,NJ
6274,MO
6277,KY
6280,VA
6281,OH
6283,AL
6286,CO
6290,TX
6291,ME
6294,KY
6301,KY
6302,VA
6303,CA
6305,CA
6312,DE
6313,IN
6317,SC
6319,NE
6320,MI
6321,WA
6322,CA
6324,VA
6326,LA
6330,TX
6331,PA
6346,NY
6347,NY
6348,OH
6348,PA
6349,IN
6350,HI
6351,AR
6353,IL
6355,MT
6356,FL
6359,ME
6360,IN
6362,CA
6364,GA
6367,IN
6370,NM
6377,FL
6386,FL
6387,NE
6388,IL
6392,IL
6396,AK
6397,GA
6398,VI
6402,AK
6405,MN
6408,TN
6411,CA
6412,NY
6413,NY
6417,MN
6422,IL
6423,NM
6431,TN
6437,NJ
6439,AK
6439,AL
6439,AR
6439,AS
6439,AZ
6439,CA
6439,CO
6439,CT
6439,DC
6439,DE
6439,FL
6439,FM
6439,GA
6439,GU
6439,HI
6439,IA
6439,ID
6439,IL
6439,IN
6439,KS
6439,KY
6439,LA
6439,MA
6439,MD
6439,ME
6439,MH
6439,MI
6439,MN
6439,MO
6439,MP
6439,MS
6439,MT
6439,NC
6439,ND
6439,NE
6439,NH
6439,NJ
6439,NM
6439,NV
6439,NY
6439,OH
6439,OK
6439,OR
6439,PA
6439,PR
6439,PW
6439,RI
6439,SC
6439,SD
6439,TN
6439,TX
6439,UT
6439,VA
6439,VI
6439,VT
6439,WA
6439,WI
6439,WV
6439,WY
6440,DC
6443,CA
6444,DC
6445,IL
6446,ME
6447,MD
6448,NY
6449,PA
6450,VA
6451,CA
6455,TX
6457,CO
6458,CA
6458,FL
6458,GA
6458,IN
6458,MI
6458,NJ
6458,PA
6458,WI
6463,CO
6464,CA
6465,CA
6469,PR
6470,PR
6471,ME
6478,VI
6479,VI
6482,DC
6482,FL
6482,MA
6482,MD
6482,VA
6487,GA
6488,FL
6490,MT
6491,LA
6492,VA
6494,TN
6495,LA
6496,FL
6499,NM
6501,OR
6503,CA
6504,NC
6508,NY
6509,FL
6510,DC
6513,ID
6514,CA
6515,AR
6516,IA
6516,IN
6516,MI
6516,MN
6516,NH
6516,OH
6516,TX
6516,VA
6516,WA
6516,WI
6518,FL
6519,MO
6522,WY
6523,UT
6526,TX
6528,OK
6529,AK
6529,AL
6529,AR
6529,AZ
6529,CA
6529,CO
6529,CT
6529,DC
6529,DE
6529,FL
6529,GA
6529,IA
6529,ID
6529,IL
6529,IN
6529,KS
6529,KY
6529,LA
6529,MA
6529,MD
6529,ME
6529,MI
6529,MN
6529,MO
6529,MS
6529,MT
6529,NC
6529,ND
6529,NE
6529,NH
6529,NJ
6529,NM
6529,NV
6529,NY
6529,OH
6529,OK
6529,OR
6529,PA
6529,RI
6529,SC
6529,SD
6529,TN
6529,TX
6529,UT
6529,VA
6529,VT
6529,WA
6529,WI
6529,WV
6529,WY
6531,FL
6533,CA
6536,AK
6538,CA
6539,CA
6542,CA
6544,ME
6545,TX
6546,AR
6547,MI
6548,MI
6552,MN
6566,AZ
6570,FL
6571,AR
6575,AR
6577,TX
6581,OH
6586,WI
6587,NY
6588,TN
6591,CA
6592,CA
6594,IA
6595,MO
6597,VA
6607,MN
6608,NY
6611,VA
6616,IL
6619,FL
6622,AZ
6622,NM
6622,UT
6624,PA
6625,PA
6627,NJ
6634,MD
6635,PR
6637,WA
6640,OH
6641,NV
6642,TX
6645,KY
6647,KY
6648,DE
6648,MD
6648,NJ
6648,PA
6649,NY
6650,MN
6651,CA
6651,LA
6651,MN
6651,NY
6651,OR
6651,TX
6652,LA
6653,MA
6654,PA
6655,CA
6657,MO
6660,MA
6661,AL
6662,AR
6664,AR
6665,IA
6669,VA
6670,PA
6672,AK
6672,AL
6672,AR
6672,AS
6672,AZ
6672,CA
6672,CO
6672,CT
6672,DC
6672,DE
6672,FL
6672,FM
6672,GA
6672,GU
6672,HI
6672,IA
6672,ID
6672,IL
6672,IN
6672,KS
6672,KY
6672,LA
6672,MA
6672,MD
6672,ME
6672,MH
6672,MI
6672,MN
6672,MO
6672,MP
6672,MS
6672,MT
6672,NC
6672,ND
6672,NE
6672,NH
6672,NJ
6672,NM
6672,NV
6672,NY
6672,OH
6672,OK
6672,OR
6672,PA
6672,PR
6672,PW
6672,RI
6672,SC
6672,SD
6672,TN
6672,TX
6672,UT
6672,VA
6672,VI
6672,VT
6672,WA
6672,WI
6672,WV
6672,WY
6673,AZ
6673,CA
6673,DC
6673,FL
6673,GA
6673,IL
6673,LA
6673,MI
6675,FL
6676,NY
6677,AK
6677,AL
6677,AR
6677,AS
6677,AZ
6677,CA
6677,CO
6677,CT
6677,DC
6677,DE
6677,FL
6677,FM
6677,GA
6677,GU
6677,HI
6677,IA
6677,ID
6677,IL
6677,IN
6677,KS
6677,KY
6677,LA
6677,MA
6677,MD
6677,ME
6677,MH
6677,MI
6677,MN
6677,MO
6677,MP
6677,MS
6677,MT
6677,NC
6677,ND
6677,NE
6677,NH
6677,NJ
6677,NM
6677,NV
6677,NY
6677,OH
6677,OK
6677,OR
6677,PA
6677,PR
6677,PW
6677,RI
6677,SC
6677,SD
6677,TN
6677,TX
6677,UT
6677,VA
6677,VI
6677,VT
6677,WA
6677,WI
6677,WV
6677,WY
6680,AL
6681,IL
6683,KY
6685,MS
6688,PR
6689,VA
6690,PR
6691,NV
6694,TX
6695,NJ
6697,AL
6698,MN
6705,CA
6705,FL
6705,GA
6705,IN
6705,MI
6705,NJ
6705,PA
6705,WI
6709,NY
6720,NH
6720,VT
6721,DC
6721,MD
6721,VA
6723,AZ
6723,NM
6724,SC
6726,VA
6729,AL
6730,CA
6731,TN
6736,AR
6737,NV
6738,NV
6742,MD
6743,ID
6747,PR
6748,NY
6757,AL
6759,FL
6760,NC
6763,NY
6764,AL
6765,PR
6766,GA
6767,CA
6768,AK
6768,AZ
6768,CA
6768,CO
6768,IA
6768,ID
6768,IL
6768,MN
6768,MT
6768,ND
6768,NM
6768,NY
6768,OK
6768,OR
6768,SC
6768,SD
6768,TX
6768,UT
6768,WA
6768,WY
6771,TN
6772,FL
6773,NC
6774,AL
6775,SC
6779,AL
6783,OR
6787,PA
6791,WA
6793,IA
6795,CA
6795,CO
6795,GA
6795,WV
6799,LA
6806,TX
6811,MA
6814,AK
6814,AL
6814,AR
6814,AS
6814,AZ
6814,CA
6814,CO
6814,CT
6814,DC
6814,DE
6814,FL
6814,FM
6814,GA
6814,GU
6814,HI
6814,IA
6814,ID
6814,IL
6814,IN
6814,KS
6814,KY
6814,LA
6814,MA
6814,MD
6814,ME
6814,MH
6814,MI
6814,MN
6814,MO
6814,MP
6814,MS
6814,MT
6814,NC
6814,ND
6814,NE
6814,NH
6814,NJ
6814,NM
6814,NV
6814,NY
6814,OH
6814,OK
6814,OR
6814,PA
6814,PR
6814,PW
6814,RI
6814,SC
6814,SD
6814,TN
6814,TX
6814,UT
6814,VA
6814,VI
6814,VT
6814,WA
6814,WI
6814,WV
6814,WY
6819,LA
6822,WI
6826,FL
6827,OH
6828,SC
6832,NM
6836,FL
6841,UT
6842,TX
6843,FL
6843,IN
6843,KY
6843,PA
6845,KY
6846,AZ
6848,VA
6850,MA
6851,MN
6853,GA
6855,IN
6867,FL
6869,FL
6870,NY
6871,MI
6873,AL
6873,CT
6873,IL
6878,NM
6879,FL
6883,AK
6883,AL
6883,AR
6883,AS
6883,AZ
6883,CA
6883,CO
6883,CT
6883,DC
6883,DE
6883,FL
6883,FM
6883,GA
6883,GU
6883,HI
6883,IA
6883,ID
6883,IL
6883,IN
6883,KS
6883,KY
6883,LA
6883,MA
6883,MD
6883,ME
6883,MH
6883,MI
6883,MN
6883,MO
6883,MP
6883,MS
6883,MT
6883,NC
6883,ND
6883,NE
6883,NH
6883,NJ
6883,NM
6883,NV
6883,NY
6883,OH
6883,OK
6883,OR
6883,PA
6883,PR
6883,PW
6883,RI
6883,SC
6883,SD
6883,TN
6883,TX
6883,UT
6883,VA
6883,VI
6883,VT
6883,WA
6883,WI
6883,WV
6883,WY
6890,CA
6891,TX
6892,VA
6895,DC
6895,MD
6895,VA
6899,ME
6900,CA
6902,MD
6903,CA
6904,NY
6905,NC
6907,IL
6908,IL
6909,KY
6910,SC
6911,AK
6911,AL
6911,AR
6911,AS
6911,AZ
6911,CA
6911,CO
6911,CT
6911,DC
6911,DE
6911,FL
6911,FM
6911,GA
6911,GU
6911,HI
6911,IA
6911,ID
6911,IL
6911,IN
6911,KS
6911,KY
6911,LA
6911,MA
6911,MD
6911,ME
6911,MH
6911,MI
6911,MN
6911,MO
6911,MP
6911,MS
6911,MT
6911,NC
6911,ND
6911,NE
6911,NH
6911,NJ
6911,NM
6911,NV
6911,NY
6911,OH
6911,OK
6911,OR
6911,PA
6911,PR
6911,PW
6911,RI
6911,SC
6911,SD
6911,TN
6911,TX
6911,UT
6911,VA
6911,VI
6911,VT
6911,WA
6911,WI
6911,WV
6911,WY
6913,AZ
6913,NM
6913,TX
6914,PR
6915,FL
6915,PR
6918,OK
6920,IN
6921,DC
6923,CA
6924,SC
6926,LA
6929,KS
6935,AK
6935,AL
6935,AR
6935,AS
6935,AZ
6935,CA
6935,CO
6935,CT
6935,DC
6935,DE
6935,FL
6935,FM
6935,GA
6935,GU
6935,HI
6935,IA
6935,ID
6935,IL
6935,IN
6935,KS
6935,KY
6935,LA
6935,MA
6935,MD
6935,ME
6935,MH
6935,MI
6935,MN
6935,MO
6935,MP
6935,MS
6935,MT
6935,NC
6935,ND
6935,NE
6935,NH
6935,NJ
6935,NM
6935,NV
6935,NY
6935,OH
6935,OK
6935,OR
6935,PA
6935,PR
6935,PW
6935,RI
6935,SC
6935,SD
6935,TN
6935,TX
6935,UT
6935,VA
6935,VI
6935,VT
6935,WA
6935,WI
6935,WV
6935,WY
6936,FL
6940,SC
6942,PA
6955,NM
6960,AK
6960,AL
6960,AR
6960,AS
6960,AZ
6960,CA
6960,CO
6960,CT
6960,DC
6960,DE
6960,FL
6960,FM
6960,GA
6960,GU
6960,HI
6960,IA
6960,ID
6960,IL
6960,IN
6960,KS
6960,KY
6960,LA
6960,MA
6960,MD
6960,ME
6960,MH
6960,MI
6960,MN
6960,MO
6960,MP
6960,MS
6960,MT
6960,NC
6960,ND
6960,NE
6960,NH
6960,NJ
6960,NM
6960,NV
6960,NY
6960,OH
6960,OK
6960,OR
6960,PA
6960,PR
6960,PW
6960,RI
6960,SC
6960,SD
6960,TN
6960,TX
6960,UT
6960,VA
6960,VI
6960,VT
6960,WA
6960,WI
6960,WV
6960,WY
6962,IA
6966,PA
6969,IN
6977,AK
6977,AL
6977,AR
6977,AS
6977,AZ
6977,CA
6977,CO
6977,CT
6977,DC
6977,DE
6977,FL
6977,FM
6977,GA
6977,GU
6977,HI
6977,IA
6977,ID
6977,IL
6977,IN
6977,KS
6977,KY
6977,LA
6977,MA
6977,MD
6977,ME
6977,MH
6977,MI
6977,MN
6977,MO
6977,MP
6977,MS
6977,MT
6977,NC
6977,ND
6977,NE
6977,NH
6977,NJ
6977,NM
6977,NV
6977,NY
6977,OH
6977,OK
6977,OR
6977,PA
6977,PR
6977,PW
6977,RI
6977,SC
6977,SD
6977,TN
6977,TX
6977,UT
6977,VA
6977,VI
6977,VT
6977,WA
6977,WI
6977,WV
6977,WY
6985,MD
6993,SC
6994,AL
6997,WI
6999,GA
7000,NY
7003,KY
7004,OH
7005,NJ
7007,CA
7010,NM
7016,GA
7017,AS
7018,GA
7020,PA
7022,MO
7023,SC
7025,AZ
7025,CA
7025,CO
7025,FL
7025,GA
7025,ID
7025,IL
7025,IN
7025,LA
7025,MD
7025,MN
7025,NC
7025,ND
7025,NM
7025,NV
7025,NY
7025,OR
7025,SC
7025,SD
7025,TX
7025,VA
7025,WA
7025,WY
7027,AK
7027,AL
7027,AR
7027,AZ
7027,CA
7027,CO
7027,CT
7027,DC
7027,DE
7027,FL
7027,GA
7027,HI
7027,IA
7027,ID
7027,IL
7027,IN
7027,KS
7027,KY
7027,LA
7027,MA
7027,MD
7027,ME
7027,MI
7027,MN
7027,MO
7027,MS
7027,MT
7027,NC
7027,ND
7027,NE
7027,NH
7027,NJ
7027,NM
7027,NV
7027,NY
7027,OH
7027,OK
7027,OR
7027,PA
7027,RI
7027,SC
7027,SD
7027,TN
7027,TX
7027,UT
7027,VA
7027,VT
7027,WA
7027,WI
7027,WV
7027,WY
7034,NY
7037,DC
7037,KY
7037,MD
7037,MO
7038,CA
7039,AZ
7042,AK
7042,AL
7042,AR
7042,AS
7042,AZ
7042,CA
7042,CO
7042,CT
7042,DC
7042,DE
7042,FL
7042,FM
7042,GA
7042,GU
7042,HI
7042,IA
7042,ID
7042,IL
7042,IN
7042,KS
7042,KY
7042,LA
7042,MA
7042,MD
7042,ME
7042,MH
7042,MI
7042,MN
7042,MO
7042,MP
7042,MS
7042,MT
7042,NC
7042,ND
7042,NE
7042,NH
7042,NJ
7042,NM
7042,NV
7042,NY
7042,OH
7042,OK
7042,OR
7042,PA
7042,PR
7042,PW
7042,RI
7042,SC
7042,SD
7042,TN
7042,TX
7042,UT
7042,VA
7042,VI
7042,VT
7042,WA
7042,WI
7042,WV
7042,WY
7043,NY
7043,PR
7043,VI
7047,NV
7057,CA
7057,IN
7057,LA
7057,MA
7057,NJ
7057,SC
7057,TX
7057,WA
7065,FL
7067,KS
7067,MO
7070,WA
7071,FL
7073,IA
7073,IL
7073,IN
7073,MN
7073,OH
7073,WI
7076,GA
7077,FL
7078,MS
7080,WY
7081,NM
7082,TX
7083,TX
7085,TX
7086,NY
7086,PR
7086,VI
7089,TN
7100,MA
7101,WV
7102,CA
7103,AS
7104,SC
7108,AK
7108,AL
7108,AR
7108,AZ
7108,CA
7108,CO
7108,CT
7108,DC
7108,DE
7108,FL
7108,GA
7108,HI
7108,IA
7108,ID
7108,IL
7108,IN
7108,KS
7108,KY
7108,LA
7108,MA
7108,MD
7108,ME
7108,MI
7108,MN
7108,MO
7108,MS
7108,MT
7108,NC
7108,ND
7108,NE
7108,NH
7108,NJ
7108,NM
7108,NV
7108,NY
7108,OH
7108,OK
7108,OR
7108,PA
7108,RI
7108,SC
7108,SD
7108,TN
7108,TX
7108,UT
7108,VA
7108,VT
7108,WA
7108,WI
7108,WV
7108,WY
7111,AL
7115,AZ
7118,TX
7121,FL
7129,PA
7130,AR
7130,TX
7136,CA
7137,NY
7143,FL
7145,NM
7145,TX
7149,MI
7150,VI
7152,MD
7152,PA
7152,WV
7156,PA
7173,IL
7181,AK
7181,AL
7181,AR
7181,AS
7181,AZ
7181,CA
7181,CO
7181,CT
7181,DC
7181,DE
7181,FL
7181,FM
7181,GA
7181,GU
7181,HI
7181,IA
7181,ID
7181,IL
7181,IN
7181,KS
7181,KY
7181,LA
7181,MA
7181,MD
7181,ME
7181,MH
7181,MI
7181,MN
7181,MO
7181,MP
7181,MS
7181,MT
7181,NC
7181,ND
7181,NE
7181,NH
7181,NJ
7181,NM
7181,NV
7181,NY
7181,OH
7181,OK
7181,OR
7181,PA
7181,PR
7181,PW
7181,RI
7181,SC
7181,SD
7181,TN
7181,TX
7181,UT
7181,VA
7181,VI
7181,VT
7181,WA
7181,WI
7181,WV
7181,WY
7184,AR
7185,GA
7199,PA
7201,AL
7204,IL
7217,NM
7228,AZ
7233,VA
7234,NY
7235,TX
7237,NM
7241,TX
7242,AL
7242,GA
7244,NY
7248,MS
7250,MN
7252,AK
7254,NJ
7266,FL
7271,HI
7271,NJ
7271,NY
7274,MI
7277,VA
7280,VA
7283,AL
7284,CO
7292,FL
7294,IA
7296,OH
7299,CA
7301,PR
7302,MO
7306,NY
7307,AL
7309,CA
7310,CA
7314,IL
7319,AL
7331,FL
7334,NY
7335,MI
7342,GU
7342,MP
7343,MO
7344,CA
7351,VT
7356,CT
7357,WY
7358,AR
7358,KY
7358,MS
7358,TN
7358,TX
7358,VA
7366,WA
7368,AL
7368,LA
7368,MS
7376,PR
7380,FL
7385,AR
7385,OK
7392,MD
7396,CA
7397,LA
7399,CO
7402,AL
7403,PR
7420,TN
7421,NY
7424,MN
7425,KS
7425,MO
7432,GA
7436,NJ
7439,FL
7453,KS
7454,NJ
7456,MD
7456,VA
7456,WV
7461,NC
7461,SC
7463,NE
7465,TX
7470,FL
7472,NV
7477,AL
7477,LA
7477,MS
7477,TX
7478,WI
7480,CA
7487,TX
7502,AK
7502,AL
7502,AR
7502,AS
7502,AZ
7502,CA
7502,CO
7502,CT
7502,DC
7502,DE
7502,FL
7502,FM
7502,GA
7502,GU
7502,HI
7502,IA
7502,ID
7502,IL
7502,IN
7502,KS
7502,KY
7502,LA
7502,MA
7502,MD
7502,ME
7502,MH
7502,MI
7502,MN
7502,MO
7502,MP
7502,MS
7502,MT
7502,NC
7502,ND
7502,NE
7502,NH
7502,NJ
7502,NM
7502,NV
7502,NY
7502,OH
7502,OK
7502,OR
7502,PA
7502,PR
7502,PW
7502,RI
7502,SC
7502,SD
7502,TN
7502,TX
7502,UT
7502,VA
7502,VI
7502,VT
7502,WA
7502,WI
7502,WV
7502,WY
7508,NH
7508,NY
7508,VT
7509,CA
7519,AK
7519,AL
7519,AR
7519,AS
7519,AZ
7519,CA
7519,CO
7519,CT
7519,DC
7519,DE
7519,FL
7519,FM
7519,GA
7519,GU
7519,HI
7519,IA
7519,ID
7519,IL
7519,IN
7519,KS
7519,KY
7519,LA
7519,MA
7519,MD
7519,ME
7519,MH
7519,MI
7519,MN
7519,MO
7519,MP
7519,MS
7519,MT
7519,NC
7519,ND
7519,NE
7519,NH
7519,NJ
7519,NM
7519,NV
7519,NY
7519,OH
7519,OK
7519,OR
7519,PA
7519,PR
7519,PW
7519,RI
7519,SC
7519,SD
7519,TN
7519,TX
7519,UT
7519,VA
7519,VI
7519,VT
7519,WA
7519,WI
7519,WV
7519,WY
7520,FL
7522,FL
7523,LA
7524,NY
7535,IN
7537,WV
7541,UT
7542,AK
7542,AL
7542,AR
7542,CA
7542,CO
7542,FL
7542,GA
7542,IA
7542,ID
7542,IL
7542,IN
7542,KS
7542,KY
7542,LA
7542,MA
7542,ME
7542,MN
7542,MO
7542,MS
7542,MT
7542,NC
7542,ND
7542,NE
7542,NH
7542,NM
7542,NV
7542,NY
7542,OH
7542,OK
7542,OR
7542,PA
7542,PR
7542,SC
7542,SD
7542,TN
7542,TX
7542,UT
7542,VA
7542,VT
7542,WA
7542,WI
7542,WV
7542,WY
7544,AL
7545,TX
7546,TX
7557,KY
7558,IN
7601,PA
7604,CT
7605,CA
7615,CA
7619,VI
7622,PR
7634,MD
7638,MT
7641,CA
7641,IL
7641,NM
7641,PA
7648,NV
7650,AK
7661,OK
7681,AS
7685,DE
7685,GA
7685,IL
7685,MD
7685,MO
7685,NY
7685,PA
7685,TX
7685,UT
7685,WI
7691,KY
7692,IN
7697,CA
7701,AK
7701,AL
7701,AR
7701,AS
7701,AZ
7701,CA
7701,CO
7701,CT
7701,DC
7701,DE
7701,FL
7701,FM
7701,GA
7701,GU
7701,HI
7701,IA
7701,ID
7701,IL
7701,IN
7701,KS
7701,KY
7701,LA
7701,MA
7701,MD
7701,ME
7701,MH
7701,MI
7701,MN
7701,MO
7701,MP
7701,MS
7701,MT
7701,NC
7701,ND
7701,NE
7701,NH
7701,NJ
7701,NM
7701,NV
7701,NY
7701,OH
7701,OK
7701,OR
7701,PA
7701,PR
7701,PW
7701,RI
7701,SC
7701,SD
7701,TN
7701,TX
7701,UT
7701,VA
7701,VI
7701,VT
7701,WA
7701,WI
7701,WV
7701,WY
7716,LA
7718,NJ
7721,RI
7731,ID
7731,OR
7749,CT
7797,CA
7798,MP
7799,MP
7800,TX
7801,NY
7802,CA
7803,MI
7804,GA
7805,ME
7806,IL
7807,IA
7808,CA
7809,AL
7810,PR
7811,NY
7812,TX
7814,TX
7815,MS
7816,LA
7817,TX
7818,AL
7818,GA
7818,MS
7818,NC
7818,SC
10000,PA
10001,KY
10002,AZ
10002,CO
10002,KS
10002,MT
10002,ND
10002,NE
10002,NM
10002,NV
10002,OK
10002,SD
10002,TX
10002,UT
10002,WY
10003,IL
10004,AL
10005,MI
10006,IL
10007,NM
10008,NM
10009,AL
10010,NY
10011,CA
10013,CA
10014,WV
10015,LA
10016,KY
10017,FL
10018,NY
10019,KY
10020,MS
10021,MS
10022,NC
10023,SC
10024,CO
10025,VA
10026,AR
10027,IL
10028,VI
10029,KS
10030,AL
10031,CA
10032,MI
10032,WI
10033,WV
10034,NY
10035,MN
10036,FL
10037,FL
10038,GA
10039,IN
10040,IL
10041,NY
10042,MT
10042,SD
10042,WY
10043,IL
10044,VT
10045,WV
10046,MD
10047,IL
10048,NY
10049,USA
10050,NC
10051,AK
10053,GA
10054,IL
10056,NM
10057,PA
10058,WA
10059,MD
10060,IL
10061,LA
10062,AR
10063,KY
10064,SD
10065,WI
10066,AL
10066,GA
10066,MI
10067,TN
10068,MS
10069,GA
10070,GA
10071,GA
10072,GA
10073,GA
10074,FL
10075,MA
10076,TX
10077,TX
10078,CA
5236,NY
6328,IA
6636,AR
6876,IL
6927,AL
6932,AL
7021,AK
7021,GA
7021,IL
7021,MI
7021,MS
7021,OH
7021,TN
7021,VA
7820,DC
7823,CO
7826,OR
7827,WI
7835,CA
7841,NY
7848,FL
7851,NY
7853,HI
7859,WA
7861,AZ
7868,NM
7872,NJ
7873,MA
7878,NC
7822,VA
7834,IA
7849,TX
