easygrants_id,project_area
6,NY
7,MA
10,OH
12,ME
16,IL
20,"AK, AL, AR, AS, AZ, CA, CO, CT, DE, FL, GA, IA, ID, IL, IN, KS, KY, LA, MA, MD, ME, MI, MN, MO, MS, MT, NC, ND, NE, NH, NJ, NM, NV, NY, OH, OK, OR, PA, RI, SC, SD, TN, TX, UT, VA, VT, WA, WI, WV, WY"
21,AR
22,NM
23,KS
24,CA
25,"OH, WV"
28,PA
31,FL
32,NE
33,OK
35,KS
39,OK
41,NY
42,AL
43,IN
50,GA
51,ND
52,AR
54,FL
55,ME
56,"AL, CA, CO, CT, DC, FL, GA, IL, IN, KS, KY, LA, MA, MD, MI, MN, MS, NC, NJ, NM, NY, OH, OK, OR, PA, SC, SD, TN, TX, VA, WA, WI, WV"
57,NE
58,"KY, TN"
59,FL
67,IL
69,NC
71,IN
73,SD
75,MA
77,MS
79,GA
84,FL
87,GA
91,"AK, AL, AR, AZ, CO, HI, IA, ID, IL, KS, LA, MO, MS, MT, ND, NE, NV, OK, OR, TN, TX, UT, WA, WI, WY"
92,AK
93,AK
97,NC
103,NJ
109,TN
113,CA
114,PA
116,FL
117,"CA, NV, OH, PA, SC, TX, UT, VA"
118,"AL, AR, CA, CO, IL, IN, NY, OH, PA, WI"
120,ID
121,CA
122,OH
124,GA
125,OH
131,PA
133,FL
138,CA
140,OH
141,ID
142,NY
144,IN
145,CA
148,"AZ, CA, HI, NV"
149,NY
150,VA
153,MI
154,"CO, NE"
155,GA
156,CO
158,CO
159,"IN, MI, OH"
160,WA
161,NY
163,MN
164,"AZ, CA"
166,PA
170,WV
174,WI
177,NY
180,PA
182,AK
183,SD
186,AZ
187,MT
189,GA
190,AZ
191,TX
194,OH
195,CA
196,KS
197,VT
198,VA
199,MT
204,MT
205,AK
206,CA
207,IA
209,IN
210,MI
211,"AR, CO, KS, OR, TX, WA"
212,"NM, TX"
213,AL
217,OK
218,MO
219,ND
220,KS
222,IN
223,CA
224,GA
225,OH
226,SD
227,MN
228,SD
229,SD
231,GA
233,CA
234,TN
235,"CA, OR"
239,FL
242,VA
243,GA
244,TN
245,TN
248,VA
250,FL
252,AK
253,TX
256,OH
257,TN
258,TN
259,"AZ, CA, CO, NV"
260,GA
261,TN
262,RI
263,TN
265,LA
267,TN
268,TN
270,"AL, FL, GA, NC, SC, TN"
272,TN
273,TN
274,OR
275,TN
276,TN
277,TN
278,TN
279,TN
280,TN
282,TN
284,TN
285,NC
286,TN
287,TN
289,TN
290,TN
291,TN
292,TN
293,TN
295,TN
296,TN
299,TN
300,TN
301,GA
303,"AK, AL, AR, AS, AZ, CA, CO, CT, DC, DE, FL, GA, GU, HI, IA, ID, IL, IN, KS, KY, LA, MA, MD, ME, MI, MN, MO, MP, MS, MT, NC, ND, NE, NH, NJ, NM, NV, NY, OH, OK, OR, PA, PR, RI, SC, SD, TN, TX, UT, VA, VI, VT, WA, WI, WV, WY"
305,"AL, AR, AZ, CA, CO, CT, DC, DE, FL, GA, HI, IA, ID, IL, IN, KS, KY, LA, MA, MD, ME, MI, MN, MO, MS, MT, NC, ND, NE, NH, NJ, NM, NV, NY, OH, OK, OR, PA, RI, SC, SD, TN, TX, UT, VA, VT, WA, WI, WV, WY"
306,MT
308,CA
310,CA
312,NY
317,MI
321,GA
323,TN
324,"AL, GA, TN"
325,TN
326,TN
327,TN
328,TN
329,TN
330,TN
331,TN
332,TN
333,TN
334,TN
335,TN
336,TN
337,TN
339,MD
340,WI
342,NC
343,FL
345,AL
346,RI
347,"AK, AL, AR, AS, AZ, CA, CO, CT, DC, DE, FL, GA, GU, HI, IA, ID, IL, IN, KS, KY, LA, MA, MD, ME, MI, MN, MO, MP, MS, MT, NC, ND, NE, NH, NJ, NM, NV, NY, OH, OK, OR, PA, PR, RI, SC, SD, TN, TX, UT, VA, VI, VT, WA, WI, WV, WY"
349,CA
357,PA
360,LA
362,UT
368,AZ
369,AR
370,GA
371,TN
372,AL
373,AL
374,AL
375,VA
376,OH
377,TN
380,AZ
381,NE
382,NE
383,NE
385,AK
387,ID
388,AK
390,IN
392,IN
393,ID
394,IN
395,IN
396,MT
399,MT
400,ID
402,ID
403,MT
404,ID
405,MT
406,ID
407,ID
408,ID
409,MT
414,MT
415,MT
416,MT
417,MT
418,MT
419,MT
423,GA
427,ME
428,"IN, MO, TN, TX, WA"
429,MA
431,VA
432,VA
434,MI
435,VA
438,IA
439,VA
440,VA
441,MN
442,AL
444,VA
445,IN
446,VA
447,VA
449,VA
450,VA
452,VA
453,VA
454,VA
456,VA
457,VA
458,"AL, AR, AZ, CA, FL, GA, ID, KY, LA, MI, MS, MT, NM, OK, SC, TN, TX, WV"
459,MS
460,MS
462,MS
463,MS
465,MT
469,NJ
470,ME
473,HI
475,"MN, OH, TN"
477,"KS, MO"
478,IA
482,AL
483,MN
484,CA
486,PA
487,TN
488,IN
490,IN
491,IN
492,PA
493,IN
494,NY
495,MO
496,MO
497,MT
498,MT
499,MT
500,MT
501,MT
502,MT
503,MT
504,MT
506,GA
507,CA
510,AR
511,"AZ, CT, DE, FL, IA, ID, IL, IN, MS, ND, NE, NM, OH, PA, TN, TX, WA"
512,LA
513,NY
515,MI
516,FL
517,CA
518,TX
519,CA
523,NY
526,NY
527,NC
529,FL
530,GA
532,TN
533,MS
534,TN
535,NY
537,NC
538,NC
541,KY
542,MS
543,PA
544,MS
545,MS
546,OH
547,MS
548,OH
551,MS
552,GA
553,MS
555,MS
556,MO
557,MN
558,"AK, AL, AR, AS, AZ, CA, CO, CT, DC, DE, FL, GA, GU, HI, IA, ID, IL, IN, KS, KY, LA, MA, MD, ME, MI, MN, MO, MP, MS, MT, NC, ND, NE, NH, NJ, NM, NV, NY, OH, OK, OR, PA, PR, RI, SC, SD, TN, TX, UT, VA, VI, VT, WA, WI, WV, WY"
559,TN
560,MS
561,VA
562,NY
564,MS
566,MS
567,MS
568,KS
570,PR
571,MS
574,MS
575,MO
576,KS
577,ND
578,MS
579,"OH, PA"
580,PA
582,MS
583,TN
586,IL
587,NM
588,ME
589,FL
590,NC
591,"IL, IN, WI"
594,MA
599,KY
601,MI
603,MN
604,"AK, AL, AR, AS, AZ, CA, CO, CT, DC, DE, FL, GA, GU, HI, IA, ID, IL, IN, KS, KY, LA, MA, MD, ME, MI, MN, MO, MP, MS, MT, NC, ND, NE, NH, NJ, NM, NV, NY, OH, OK, OR, PA, PR, RI, SC, SD, TN, TX, UT, VA, VI, VT, WA, WI, WV, WY"
606,MS
607,IL
608,AL
610,MS
612,CO
613,OK
614,MS
615,TN
616,MS
618,MN
620,MS
621,TN
622,NH
623,OK
624,MS
625,VA
627,MI
629,AL
630,FL
631,CO
632,MS
634,AZ
635,IL
636,OR
637,MS
638,MS
639,TN
640,MI
641,MA
642,"AL, TN"
643,ID
644,IL
645,KY
646,ME
647,NC
650,OH
651,NY
652,"GA, SC"
653,WI
655,VA
656,IA
657,"KY, MD"
661,OK
663,MS
664,MS
667,MS
668,OK
670,"CA, MA, PA, TX"
672,PA
674,KS
675,MS
676,MT
677,GA
684,"CA, DC, MD, TN, TX"
691,"CA, MO, TX"
692,KY
693,WA
700,AZ
701,IA
702,OR
704,TX
707,CA
710,MN
711,CO
712,ID
713,LA
715,MN
716,KY
719,NC
720,AK
721,OH
722,VT
723,GA
725,ND
726,IN
727,ND
729,IL
733,OR
734,ND
737,"AZ, CA, CT, DC, FL, GA, IL, MA, NJ, NY, OH, PA, TN, TX"
739,TX
740,"AK, AL, AR, AS, AZ, CA, CO, CT, DC, DE, FL, GA, GU, HI, IA, ID, IL, IN, KS, KY, LA, MA, MD, ME, MI, MN, MO, MP, MS, MT, NC, ND, NE, NH, NJ, NM, NV, NY, OH, OK, OR, PA, PR, RI, SC, SD, TN, TX, UT, VA, VI, VT, WA, WI, WV, WY"
750,IL
753,IL
755,FL
757,ND
760,TN
761,SC
764,TN
766,PR
768,TN
769,AZ
770,AZ
771,NY
773,LA
774,ID
775,"AK, HI"
776,ND
777,OH
778,"CO, WY"
779,NJ
782,ND
783,CA
787,FL
790,GA
792,"CA, IL, OR, PA"
794,NH
799,KS
801,GA
802,AL
804,TN
806,PA
807,CA
808,CA
809,"KS, MO"
810,CT
811,KS
815,IA
817,IA
819,LA
821,MS
823,WV
826,MT
827,CA
828,AK
829,AK
831,AK
832,OH
833,KY
834,NC
836,AK
838,GA
839,TN
843,WI
854,MO
856,NM
858,FL
860,TX
863,IA
864,FL
865,AL
869,OK
870,NM
872,TX
873,AZ
874,MO
875,AL
877,"AR, KS, OK, TX"
878,TN
880,NY
883,NE
884,PA
885,NY
887,CA
888,"CO, NE"
889,MS
890,TX
891,VA
893,MD
895,NY
897,NY
898,CA
899,WA
901,VA
903,"MN, WI"
904,"LA, MS, TX"
905,"OR, WA"
907,"MT, ND"
908,MT
909,WI
910,NY
911,VT
913,IL
915,MA
918,"CA, OR"
920,AK
921,NE
922,VA
924,SC
925,CA
928,MO
929,VA
931,IL
933,AZ
936,"CO, UT, WY"
939,VT
940,NC
941,"DC, MD, VA"
942,OR
943,"DC, MD, VA"
944,IA
945,UT
948,MS
949,"AZ, CA"
951,CO
953,CA
954,VA
958,NV
960,IL
961,CA
962,MI
963,OK
964,NC
965,"IA, KS, MO, NE, OK"
966,"AK, AL, AR, AS, AZ, CA, CO, CT, DC, DE, FL, GA, GU, HI, IA, ID, IL, IN, KS, KY, LA, MA, MD, ME, MI, MN, MO, MP, MS, MT, NC, ND, NE, NH, NJ, NM, NV, NY, OH, OK, OR, PA, PR, RI, SC, SD, TN, TX, UT, VA, VI, VT, WA, WI, WV, WY"
968,CA
970,LA
971,NY
972,VA
974,NM
976,"DC, MD, VA"
981,CA
983,SC
984,WY
988,WV
989,MT
990,NC
994,VA
999,NY
1001,"AK, AL, AR, AZ, CA, CO, CT, DC, DE, FL, GA, HI, IA, ID, IL, IN, KS, KY, LA, MA, MD, ME, MI, MN, MO, MS, MT, NC, ND, NE, NH, NJ, NM, NV, NY, OH, OK, OR, PA, PR, RI, SC, SD, TN, TX, UT, VA, VI, VT, WA, WI, WV, WY"
1003,"IA, MN, SD"
1004,SC
1006,KY
1007,"IL, KY, LA, MS, TN"
1009,TN
1010,VA
1012,IL
1013,SC
1016,PA
1017,TN
1018,"AL, AR, IN, KS, KY, MN, MO, NC, OH, OK, TN"
1019,NY
1025,IL
1026,TN
1027,AL
1028,"CO, UT"
1029,PA
1031,IL
1034,"AL, CA, CO, CT, DC, FL, IA, IL, IN, LA, MI, MO, NC, NJ, NM, OH, OR, PA, SC, TX, VA"
1036,IL
1038,HI
1040,HI
1042,CA
1045,WV
1046,AL
1048,LA
1050,IN
1053,WA
1055,IL
1056,TN
1057,OK
1058,OK
1060,TN
1062,WI
1063,AL
1064,TN
1065,TN
1066,TN
1067,TN
1069,TN
1071,TN
1072,TN
1073,"IL, MS, NC, TN"
1074,TN
1075,TN
1076,TN
1077,TN
1078,TN
1079,TN
1081,TN
1083,TN
1084,CT
1085,CA
1086,NM
1087,CA
1088,CO
1091,TX
1093,NC
1097,"AZ, CA, CO, ID, KS, MD, MN, MO, NM, PA, TX"
1100,NV
1102,CA
1104,"CA, FL, GA, IN, MI, NJ, PA, WI"
1107,"AR, OK"
1108,HI
1113,CO
1115,"GU, MP"
1117,"GU, MP"
1118,"GU, MP"
1119,NC
1120,IL
1121,TX
1122,GA
1123,NY
1126,PA
1130,SC
1132,WV
1135,NY
1136,"AK, AL, AR, AZ, CA, CO, CT, DC, DE, FL, GA, HI, IA, ID, IL, IN, KS, KY, LA, MA, MD, ME, MI, MN, MO, MS, MT, NC, ND, NE, NH, NJ, NM, NV, NY, OH, OK, OR, PA, RI, SC, SD, TN, TX, UT, VA, VT, WA, WI, WV, WY"
1139,AR
1143,MS
1145,ME
1146,SC
1147,GA
1148,"FL, GA"
1149,ME
1151,WA
1153,NY
1154,OH
1157,"AZ, CA, CO, IA, ID, KS, MN, MO, MT, ND, NE, NM, NV, OK, OR, SD, TX, UT, WA, WY"
1158,MN
1160,TX
1161,TN
1162,AL
1164,MT
1168,"AL, MS"
1170,CA
1174,MA
1175,MO
1176,NM
1177,NM
1180,AZ
1181,NM
1184,OH
1185,WY
1189,OH
1190,MS
1194,NM
1195,"MN, SD"
1197,AK
1199,OK
1200,FL
1201,RI
1202,PR
1207,NH
1209,KS
1210,TX
1212,KS
1213,IN
1214,AL
1215,LA
1217,NE
1218,CA
1219,"AL, FL, GA, KY, NC, SC, TN"
1220,VA
1221,OR
1222,FL
1224,AL
1225,WA
1226,NY
1237,VA
1238,MA
1239,IN
1242,MO
1245,TX
1246,NY
1247,"AK, AL, AR, AS, AZ, CA, CO, CT, DC, DE, FL, GA, GU, HI, IA, ID, IL, IN, KS, KY, LA, MA, MD, ME, MI, MN, MO, MP, MS, MT, NC, ND, NE, NH, NJ, NM, NV, NY, OH, OK, OR, PA, PR, RI, SC, SD, TN, TX, UT, VA, VI, VT, WA, WI, WV, WY"
1248,NM
1249,FL
1250,NJ
1256,VA
1257,OK
1260,NM
1261,MO
1264,NY
1265,NY
1266,SC
1269,MO
1270,AL
1271,IL
1276,IN
1277,PR
1278,AL
1282,NY
1283,WV
1286,"LA, TX"
1288,AZ
1289,MO
1290,GA
1291,SC
1292,MO
1293,"AL, GA, SC"
1296,KY
1298,SC
1299,GA
1300,MO
1302,WV
1303,WV
1305,TX
1306,OR
1308,MO
1314,"NM, TX"
1318,MO
1323,FL
1324,WI
1325,VA
1326,"FL, GA, TN, VA"
1331,KY
1332,MO
1333,OR
1334,SC
1338,CT
1339,MI
1341,NM
1342,IA
1343,CA
1345,MS
1346,CA
1347,KY
1350,CA
1351,IL
1360,KY
1364,CA
1367,CT
1369,CT
1372,IN
1375,ID
1376,NM
1377,FL
1378,GA
1379,MO
1383,FL
1384,MI
1386,"FL, NJ"
1387,KY
1388,FL
1389,SC
1391,"ID, IN, MO, MS, MT, NE, PA, VA"
1392,NC
1395,GA
1396,MI
1397,LA
1399,MT
1400,MN
1402,NE
1408,AZ
1409,TX
1410,VA
1411,"AK, AL, AR, AS, AZ, CA, CO, CT, DC, DE, FL, GA, GU, HI, IA, ID, IL, IN, KS, KY, LA, MA, MD, ME, MI, MN, MO, MP, MS, MT, NC, ND, NE, NH, NJ, NM, NV, NY, OH, OK, OR, PA, PR, RI, SC, SD, TN, TX, UT, VA, VI, VT, WA, WI, WV, WY"
1412,IL
1415,FL
1417,SC
1418,MI
1419,IL
1422,CA
1424,VA
1425,KY
1426,AZ
1427,WY
1429,AZ
1430,AZ
1432,WV
1433,AZ
1437,SD
1438,IA
1439,"FL, IL, MN, NJ, NY, OR, PA, TX"
1440,MO
1441,NJ
1443,SD
1444,IN
1445,MA
1446,SD
1447,NY
1448,SD
1450,ND
1451,VA
1452,WY
1453,"OK, TX"
1454,IL
1458,WY
1460,WY
1461,WY
1463,IA
1465,FL
1467,NY
1468,"AK, AZ, CA, CO, ID, MT, NM, NV, OR, UT, WA, WY"
1469,GA
1470,AZ
1472,MA
1475,GA
1476,MI
1477,IN
1478,MN
1479,RI
1481,WA
1483,AZ
1485,UT
1486,"AZ, CA, CO, GA, HI, IL, MA, MN, NM, NV, NY, OR, PA, UT, WA"
1487,IA
1488,UT
1490,UT
1491,TX
1492,TX
1493,IA
1494,IN
1497,NH
1498,PA
1499,IA
1500,WY
1503,"AK, AL, AR, AZ, CA, FL, GA, HI, ID, IL, ME, MI, MN, MO, MT, ND, NE, NM, NV, OR, SD, TX, VA, WV"
1504,WY
1505,IA
1508,WY
1510,MN
1513,PA
1519,IL
1520,NE
1521,WI
1522,NE
1523,"AL, CA, LA, TX"
1524,IA
1527,OK
1528,IA
1530,CA
1533,NV
1534,CT
1536,MO
1537,TX
1538,TX
1542,IA
1545,TN
1549,NY
1550,TN
1552,MA
1553,OH
1554,MI
1556,DE
1558,LA
1559,PA
1560,IN
1561,IA
1563,WA
1564,KS
1565,IA
1566,MO
1568,SC
1570,IA
1572,IA
1573,IA
1574,KS
1575,SD
1577,NV
1579,MO
1580,TX
1581,WI
1582,IA
1583,MN
1584,AR
1585,TX
1587,OK
1589,CA
1590,VA
1592,MI
1594,IA
1596,AL
1598,AL
1599,IA
1601,VA
1602,CA
1603,IA
1604,TX
1605,IA
1607,IA
1608,ND
1609,"AZ, CA, CO, FL, ME, NE, NY, VA"
1610,OK
1611,MT
1614,MT
1615,IA
1617,IA
1618,NE
1619,OK
1620,OK
1621,IA
1622,OH
1623,MO
1624,OK
1625,IA
1626,AZ
1627,IA
1628,AZ
1629,IA
1631,IA
1633,"AK, AL, AR, AS, AZ, CA, CO, CT, DC, DE, FL, GA, GU, HI, IA, ID, IL, IN, KS, KY, LA, MA, MD, ME, MI, MN, MO, MP, MS, MT, NC, ND, NE, NH, NJ, NM, NV, NY, OH, OK, OR, PA, PR, RI, SC, SD, TN, TX, UT, VA, VI, VT, WA, WI, WV, WY"
1634,IA
1635,IA
1637,NE
1638,IA
1639,WA
1641,NE
1642,IA
1643,OK
1645,IA
1646,OK
1647,IA
1649,IA
1650,IA
1651,NM
1652,IA
1653,NE
1654,IA
1655,IA
1656,IA
1657,NC
1658,IA
1659,PA
1660,IA
1661,IA
1662,IA
1665,IA
1667,NC
1668,NE
1669,IA
1670,IA
1671,GA
1672,IA
1673,IA
1675,IA
1676,IA
1677,OK
1678,IA
1679,WA
1680,IA
1681,NE
1682,AL
1683,IA
1684,NE
1685,OK
1689,OK
1690,MD
1691,MT
1692,NM
1693,OK
1696,MT
1697,NM
1698,OK
1699,MT
1701,MT
1703,OK
1704,CA
1705,MT
1706,NM
1708,OK
1709,MT
1710,NM
1711,MT
1712,MT
1713,IA
1714,MT
1715,OK
1717,OK
1718,IA
1719,OK
1720,OK
1721,MT
1722,MT
1724,IL
1725,KS
1729,NY
1733,ME
1734,NH
1735,NH
1736,NH
1737,VT
1743,NY
1744,VA
1745,GA
1746,"AK, AL, AR, AZ, CO, CT, DC, DE, FL, GA, HI, IA, ID, IL, IN, KS, KY, LA, MA, MD, ME, MI, MN, MO, MS, MT, NC, ND, NE, NH, NJ, NM, NV, NY, OH, OK, OR, PA, PR, RI, SC, TN, TX, UT, VA, VT, WA, WI, WV, WY"
1747,WI
1748,VA
1750,TX
1752,"AZ, CA, CT, DC, FL, GA, IL, MA, NJ, NY, OH, PA, TN, TX"
1753,IL
1754,"AK, AL, AR, AS, AZ, CA, CO, CT, DC, DE, FL, GA, GU, HI, IA, ID, IL, IN, KS, KY, LA, MA, MD, ME, MI, MN, MO, MP, MS, MT, NC, ND, NE, NH, NJ, NM, NV, NY, OH, OK, OR, PA, PR, RI, SC, SD, TN, TX, UT, VA, VI, VT, WA, WI, WV, WY"
1756,OK
1757,VA
1760,PR
1761,"MI, WI"
1763,MT
1764,OH
1767,AZ
1768,WA
1769,MD
1770,MO
1772,CA
1773,AL
1774,PA
1775,MS
1777,PA
1780,TX
1781,NY
1783,CT
1785,TX
1787,AL
1790,"AK, AL, AR, AZ, CA, CO, CT, DE, FL, GA, HI, IA, ID, IL, IN, KS, KY, LA, MA, MD, ME, MI, MN, MO, MS, MT, NC, ND, NE, NH, NJ, NM, NV, NY, OH, OK, OR, PA, RI, SC, SD, TN, TX, UT, VA, VT, WA, WI, WV, WY"
1791,"AK, AL, AR, AS, AZ, CA, CO, CT, DC, DE, FL, GA, GU, HI, IA, ID, IL, IN, KS, KY, LA, MA, MD, ME, MI, MN, MO, MP, MS, MT, NC, ND, NE, NH, NJ, NM, NV, NY, OH, OK, OR, PA, PR, RI, SC, SD, TN, TX, UT, VA, VI, VT, WA, WI, WV, WY"
1793,MI
1794,"AK, AL, AR, AZ, CA, CO, CT, DC, DE, FL, GA, HI, IA, ID, IL, IN, KS, KY, LA, MA, MD, ME, MI, MN, MO, MS, MT, NC, ND, NE, NH, NJ, NM, NV, NY, OH, OK, OR, PA, RI, SC, SD, TN, TX, UT, VA, VT, WA, WI, WV, WY"
1797,TX
1799,CO
1800,"CA, CO, IL, MA, MI, MN, MO, NC, OK, OR, PA, TX, VT"
1801,TX
1802,WA
1803,TX
1804,MA
1805,"AK, AL, AR, AS, AZ, CA, CO, CT, DC, DE, FL, GA, GU, HI, IA, ID, IL, IN, KS, KY, LA, MA, MD, ME, MI, MN, MO, MP, MS, MT, NC, ND, NE, NH, NJ, NM, NV, NY, OH, OK, OR, PA, PR, RI, SC, SD, TN, TX, UT, VA, VI, VT, WA, WI, WV, WY"
1808,IA
1813,CA
1814,OH
1815,OH
1819,CO
1820,NC
1822,IL
1823,AZ
1824,NC
1825,MO
1828,FL
1829,MI
1830,CA
1832,VI
1833,AK
1834,OH
1835,AL
1836,IA
1839,SC
1840,AZ
1842,MN
1843,TX
1845,NE
1846,MP
1847,CO
1851,GA
1852,IA
1854,WA
1855,AL
1856,IA
1857,WV
1858,SC
1860,IA
1861,MO
1864,IA
1866,IA
1867,TX
1868,IA
1870,IA
1871,IA
1872,IA
1873,IA
1874,AR
1875,IA
1878,NY
1879,DC
1881,OR
1883,IL
1884,AK
1886,"OR, WA"
1887,"OK, TX"
1888,AR
1890,"AK, AL, AR, AS, AZ, CA, CO, CT, DC, DE, FL, GA, GU, HI, IA, ID, IL, IN, KS, KY, LA, MA, MD, ME, MI, MN, MO, MP, MS, MT, NC, ND, NE, NH, NJ, NM, NV, NY, OH, OK, OR, PA, PR, RI, SC, SD, TN, TX, UT, VA, VI, VT, WA, WI, WV, WY"
1896,"DC, DE, MD, NC, NJ, PA, VA, WV"
1902,MN
1904,AL
1908,NY
1909,NC
1910,CA
1911,ID
1912,TN
1913,TX
1914,OK
1924,TX
1926,ME
1927,NE
1928,MN
1930,IL
1931,"AL, FL, GA, KY, NC, SC, TN"
1934,OH
1935,KS
1936,TN
1937,WV
1940,TX
1942,FL
1943,PA
1945,OK
1946,VA
1947,MN
1950,OK
1953,SC
1956,IL
1957,"MD, VA"
1960,UT
1962,FL
1963,AL
1965,GA
1966,TX
1967,OK
1968,MO
1971,"CA, OR"
1972,UT
1973,"OK, TX"
1974,TN
1975,FL
1976,"GA, SC"
1977,TN
1978,CA
1979,MS
1981,TX
1984,IN
1985,IL
1986,VA
1988,VA
1992,IA
1994,KS
1995,CA
1996,OH
1997,IL
1999,AZ
2000,VA
2002,OR
2003,SC
2005,MN
2006,MN
2009,TN
2010,KY
2011,PR
2012,"CA, CT, DC, FL, IL, MA, MI, MN, NC, NJ, NM, NY, OK, OR, PA, SC, TN, TX, VA, VT, WA, WI, WV"
2014,CA
2017,"DE, FL, NH"
2018,KY
2020,CA
2021,SC
2023,"AZ, CO, GA, MA, NM, UT"
2024,NY
2025,AZ
2026,NY
2029,FL
2031,NY
2037,WV
2039,"NH, VT"
2040,CA
2042,SC
2043,"GA, TN, VA"
2044,UT
2045,NV
2046,TN
2047,WV
2051,NH
2054,NM
2055,CA
2057,MA
2060,UT
2061,DC
2063,NY
2064,NY
2066,KS
2068,SC
2069,AL
2070,GA
2071,NY
2072,NM
2073,MA
2074,IA
2076,PA
2079,NC
2080,OH
2081,AZ
2082,NY
2083,"MI, WI"
2085,KS
2086,ND
2087,CA
2088,NY
2093,NY
2096,NC
2097,TX
2098,MI
2101,NY
2102,PA
2104,WI
2105,NY
2106,TX
2108,NJ
2109,MO
2110,NM
2111,GA
2112,MI
2113,OH
2114,OR
2116,NY
2119,NJ
2124,FL
2125,WI
2127,TX
2129,OR
2131,CA
2132,CA
2134,MI
2135,AK
2139,MO
2140,PR
2141,NY
2143,CO
2144,WA
2145,NJ
2146,IL
2147,"DC, MA, MD, NY, RI, VA"
2148,MI
2149,TX
2151,VA
2152,ID
2154,NC
2155,IL
2156,NY
2157,WI
2159,VT
2160,IL
2161,WA
2163,DC
2164,CA
2165,DC
2166,IL
2167,CA
2170,MO
2174,KS
2177,CA
2178,NY
2181,MO
2182,NE
2183,CO
2184,LA
2186,CA
2187,"AK, AL, AR, AS, AZ, CA, CO, CT, DC, DE, FL, GA, GU, HI, IA, ID, IL, IN, KS, KY, LA, MA, MD, ME, MI, MN, MO, MP, MS, MT, NC, ND, NE, NH, NJ, NM, NV, NY, OH, OK, OR, PA, PR, RI, SC, SD, TN, TX, UT, VA, VI, VT, WA, WI, WV, WY"
2190,MO
2191,CA
2192,NY
2193,"OH, PA, WV"
2196,AL
2198,CT
2199,MA
2200,CA
2202,MA
2203,FL
2205,ME
2206,AL
2207,"AK, AL, AR, AS, AZ, CA, CO, CT, DC, DE, FL, GA, GU, HI, IA, ID, IL, IN, KS, KY, LA, MA, MD, ME, MI, MN, MO, MP, MS, MT, NC, ND, NE, NH, NJ, NM, NV, NY, OH, OK, OR, PA, PR, RI, SC, SD, TN, TX, UT, VA, VI, VT, WA, WI, WV, WY"
2209,WV
2212,PA
2213,MI
2215,IL
2220,MI
2221,IA
2223,WV
2224,AZ
2225,ND
2227,MN
2229,TX
2232,ME
2233,NY
2234,CA
2237,CA
2239,LA
2240,IL
2241,AK
2242,CA
2243,FL
2248,IL
2249,FL
2250,FL
2253,KS
2255,NC
2256,"IA, IN, MI, NE, OH, PA, TN, VA"
2258,IA
2259,FL
2260,VA
2261,MT
2263,NY
2264,VA
2266,NY
2267,AK
2268,IL
2269,OR
2275,CA
2279,MD
2282,LA
2286,OK
2289,OR
2290,OK
2293,"AK, AL, AR, AS, AZ, CA, CO, CT, DC, DE, FL, GA, GU, HI, IA, ID, IL, IN, KS, KY, LA, MA, MD, ME, MI, MN, MO, MP, MS, MT, NC, ND, NE, NH, NJ, NM, NV, NY, OH, OK, OR, PA, PR, RI, SC, SD, TN, TX, UT, VA, VI, VT, WA, WI, WV, WY"
2294,"AZ, ID, NV, OR, WA"
2296,NY
2298,CA
2302,GA
2303,HI
2305,CA
2307,"KS, MO, OK"
2309,"AR, TX"
2310,KS
2312,MO
2313,IN
2315,CA
2316,NJ
2318,"AZ, CO, NM, TX"
2319,NY
2322,TX
2324,WY
2325,ID
2326,MI
2327,VA
2332,OH
2333,IL
2335,ND
2337,VA
2339,NY
2341,"AK, AL, AR, AS, AZ, CA, CO, CT, DC, DE, FL, GA, GU, HI, IA, ID, IL, IN, KS, KY, LA, MA, MD, ME, MI, MN, MO, MP, MS, MT, NC, ND, NE, NH, NJ, NM, NV, NY, OH, OK, OR, PA, PR, RI, SC, SD, TN, TX, UT, VA, VI, VT, WA, WI, WV, WY"
2343,"IL, IN, SC"
2344,OK
2346,MO
2347,MN
2348,IL
2349,TN
2350,"AL, CT, IL, MN, TX, WA"
2351,GA
2352,TN
2354,MO
2355,KY
2356,TN
2357,WA
2360,TN
2361,IL
2362,AL
2364,OK
2365,NY
2368,TN
2369,MI
2376,PA
2377,VA
2379,PA
2380,MI
2381,ME
2382,UT
2387,IN
2388,CA
2389,NH
2390,TX
2394,FL
2395,"PA, VI"
2397,IL
2398,MO
2399,MN
2400,MA
2403,CO
2404,GA
2405,OK
2406,WY
2408,CA
2409,NV
2410,CA
2411,WI
2415,MO
2418,VA
2420,AZ
2423,OR
2426,MI
2427,NE
2430,PA
2431,MO
2433,FL
2434,"FL, KY, MI, MN, MS, OH, SD"
2435,TX
2438,CO
2439,TX
2440,TX
2443,TX
2444,OH
2446,"CT, DC, DE, MA, MD, NH, NJ, NY, PA, RI, VA, VT"
2448,MO
2451,MO
2452,MA
2454,CA
2458,MO
2460,AK
2465,MN
2466,MN
2469,ND
2471,NH
2472,IN
2473,MO
2474,MI
2476,MD
2478,IL
2480,VA
2481,"NC, VA"
2482,MI
2483,MI
2485,IL
2486,IA
2489,SD
2493,MO
2494,KS
2495,KY
2496,NM
2501,MO
2502,"AK, AL, AR, AS, AZ, CA, CO, CT, DC, DE, FL, GA, GU, HI, IA, ID, IL, IN, KS, KY, LA, MA, MD, ME, MI, MN, MO, MP, MS, MT, NC, ND, NE, NH, NJ, NM, NV, NY, OH, OK, OR, PA, PR, RI, SC, SD, TN, TX, UT, VA, VI, VT, WA, WI, WV, WY"
2505,SC
2507,KY
2508,NY
2509,"AL, AR, AZ, CA, CO, CT, DC, FL, GA, HI, IA, ID, IL, IN, KS, KY, LA, MA, MD, ME, MI, MN, MO, MS, MT, NC, ND, NE, NH, NJ, NM, NV, NY, OH, OK, OR, PA, PR, RI, SC, SD, TN, TX, UT, VA, VT, WA, WI, WV, WY"
2511,PA
2512,OH
2513,WV
2515,"OH, PA, WV"
2518,UT
2520,"AZ, CO, ID, NM, NY, WA"
2522,OK
2526,KY
2527,AL
2528,MS
2529,SC
2531,WY
2535,WV
2537,"AK, AL, AR, AS, AZ, CA, CO, CT, DC, DE, FL, GA, GU, HI, IA, ID, IL, IN, KS, KY, LA, MA, MD, ME, MI, MN, MO, MP, MS, MT, NC, ND, NE, NH, NJ, NM, NV, NY, OH, OK, OR, PA, PR, RI, SC, SD, TN, TX, UT, VA, VI, VT, WA, WI, WV, WY"
2538,MO
2539,DC
2540,CA
2541,NH
2542,WA
2543,TX
2545,CA
2546,DC
2547,DE
2548,"AK, AL, AR, AS, AZ, CA, CO, CT, DC, DE, FL, GA, GU, HI, IA, ID, IL, IN, KS, KY, LA, MA, MD, ME, MI, MN, MO, MS, MT, NC, ND, NE, NH, NJ, NM, NV, NY, OH, OK, OR, PA, PR, RI, SC, SD, TN, TX, UT, VA, VI, VT, WA, WI, WV, WY"
2551,CA
2553,PA
2554,SD
2555,CA
2556,NM
2557,OK
2558,AL
2559,ME
2561,MT
2562,MI
2564,NV
2565,OH
2566,OK
2567,AL
2569,GA
2573,FL
2574,MD
2576,AZ
2577,AZ
2578,AZ
2579,AZ
2580,AZ
2581,AZ
2582,NM
2583,AZ
2585,AZ
2586,OH
2587,AZ
2588,AZ
2589,AZ
2590,AZ
2592,AZ
2593,AZ
2594,AZ
2596,IL
2597,UT
2599,AS
2600,OH
2603,HI
2605,OK
2606,MS
2608,PA
2610,CA
2611,NM
2613,"CT, DC, DE, MA, MD, ME, MI, NH, NJ, NY, OH, PA, RI, VT"
2614,OK
2615,FL
2616,"AL, GA, SC, TN"
2617,UT
2618,OK
2619,PA
2620,"IN, KY, MI"
2621,"AK, AL, AR, AS, AZ, CA, CO, CT, DC, DE, FL, GA, GU, HI, IA, ID, IL, IN, KS, KY, LA, MA, MD, ME, MI, MN, MO, MP, MS, MT, NC, ND, NE, NH, NJ, NM, NV, NY, OH, OK, OR, PA, PR, RI, SC, SD, TN, TX, UT, VA, VI, VT, WA, WI, WV, WY"
2623,"CT, MA, NY, VT"
2624,"AR, MS, TN"
2625,ND
2626,"LA, NM, TX"
2627,"MD, TN, VA, WV"
2628,MT
2629,TX
2630,CA
2631,MI
2632,MI
2633,MI
2634,MI
2635,MI
2636,MI
2638,MI
2641,OK
2644,MI
2646,MI
2648,MI
2649,MI
2650,MI
2651,MI
2652,MI
2653,MI
2654,MI
2655,CA
2656,CA
2657,CA
2658,IA
2659,"AK, AL, AR, AS, AZ, CA, CO, CT, DC, DE, FL, GA, GU, HI, IA, ID, IL, IN, KS, KY, LA, MA, MD, ME, MI, MN, MO, MP, MS, MT, NC, ND, NE, NH, NJ, NM, NV, NY, OH, OK, OR, PA, PR, RI, SC, SD, TN, TX, UT, VA, VI, VT, WA, WI, WV, WY"
2661,AZ
2662,FL
2665,"CO, DC, MD, NC, VA, WV"
2667,OH
2668,GA
2669,"AL, LA, MS, NC, OH, SC, TX, VA"
2670,KY
2671,NY
2672,IL
2673,IL
2675,NY
2677,PA
2678,"MT, ND, SD"
2679,KS
2680,WI
2683,MO
2685,PA
2688,ID
2690,CA
2691,TX
2692,"AK, FL, GA, IA, ID, IL, IN, KS, KY, LA, MI, MN, MS, NV, NY, OH, PR, SC, TN, TX, WV"
2693,AL
2695,FL
2697,"AL, LA, MS, TX"
2699,MN
2700,NC
2701,AL
2702,GA
2705,PA
2706,WI
2708,FL
2710,FL
2712,AZ
2713,MO
2714,AL
2716,PA
2717,NY
2718,TX
2721,MI
2722,"OK, TX"
2723,OK
2724,KY
2725,KS
2728,KY
2730,WV
2731,GA
2732,"NM, TX"
2733,NM
2734,NM
2737,TX
2738,OK
2739,OK
2740,OK
2742,CA
2743,OH
2746,IN
2747,AZ
2748,KY
2750,CO
2752,"AL, AR, FL, GA, IA, IL, KS, KY, LA, MO, MS, NE, OK, TN, TX"
2753,CA
2754,MI
2755,MI
2756,TX
2757,CA
2759,SC
2760,NJ
2761,TN
2762,WV
2763,MN
2764,CA
2768,TX
2769,MO
2770,NJ
2771,NH
2772,WI
2773,"MI, OH"
2774,MI
2778,"DC, IL"
2779,PR
2783,CO
2785,CA
2786,GA
2787,NC
2790,"AK, AL, AR, AZ, CA, CO, CT, DC, DE, FL, GA, HI, IA, ID, IL, IN, KS, KY, LA, MA, MD, ME, MI, MN, MO, MS, MT, NC, ND, NE, NH, NJ, NM, NV, NY, OH, OK, OR, PA, RI, SC, SD, TN, TX, UT, VA, VT, WA, WI, WV, WY"
2792,FL
2793,NJ
2794,FL
2795,AL
2797,WV
2799,NJ
2800,FL
2810,AZ
2811,PR
2812,TX
2813,"ND, SD"
2814,OH
2817,CA
2818,MO
2819,"AK, AL, AR, AS, AZ, CA, CO, CT, DC, DE, FL, GA, GU, HI, IA, ID, IL, IN, KS, KY, LA, MA, MD, ME, MI, MN, MO, MP, MS, MT, NC, ND, NE, NH, NJ, NM, NV, NY, OH, OK, OR, PA, PR, RI, SC, SD, TN, TX, UT, VA, VI, VT, WA, WI, WV, WY"
2822,CA
2823,IL
2824,VA
2826,IL
2827,UT
2829,GA
2830,ND
2832,NH
2833,"AK, AL, AR, AZ, CA, CO, CT, DE, FL, GA, GU, HI, IA, ID, IL, IN, KS, KY, LA, MA, MD, ME, MI, MN, MO, MP, MS, MT, NC, ND, NE, NH, NJ, NM, NV, NY, OH, OK, OR, PA, PR, RI, SC, SD, TN, TX, UT, VA, VI, VT, WA, WI, WV, WY"
2834,MI
2835,UT
2836,VT
2837,"AK, AL, AR, AS, AZ, CA, CO, CT, DC, DE, FL, GA, GU, HI, IA, ID, IL, IN, KS, KY, LA, MA, MD, ME, MI, MN, MO, MP, MS, MT, NC, ND, NE, NH, NJ, NM, NV, NY, OH, OK, OR, PA, PR, RI, SC, SD, TN, TX, UT, VA, VI, VT, WA, WI, WV, WY"
2839,GA
2840,"CA, NV"
2841,KY
2842,IL
2847,OH
2848,AZ
2849,"AK, AL, AZ, CA, FL, GA, HI, IL, LA, MA, MS, PA, SC, TX, WA"
2850,"AR, LA"
2851,CA
2853,"AK, AL, AR, AS, AZ, CA, CO, CT, DC, DE, FL, GA, GU, HI, IA, ID, IL, IN, KS, KY, LA, MA, MD, ME, MI, MN, MO, MP, MS, MT, NC, ND, NE, NH, NJ, NM, NV, NY, OH, OK, OR, PA, PR, RI, SC, SD, TN, TX, UT, VA, VI, VT, WA, WI, WV, WY"
2859,"AZ, ID, MT, OR, UT, WY"
2860,TX
2861,WA
2864,TX
2866,CA
2867,"CA, MD, NC, NM, WA"
2869,TX
2870,LA
2873,OK
2874,NY
2875,SC
2879,NM
2880,AR
2883,WV
2887,VA
2890,TX
2891,NJ
2894,OH
2895,CA
2896,AZ
2897,"CA, MD, NC, NM, WA"
2898,"KS, MO"
2899,MO
2901,NY
2905,MP
2908,LA
2909,OR
2912,GU
2914,GA
2915,MP
2916,DC
2919,TX
2923,LA
2924,AL
2925,OK
2926,PA
2927,NM
2928,CA
2929,HI
2931,TX
2932,NY
2934,CA
2935,WA
2936,TX
2940,"AR, CO, LA, MS, TN, TX"
2942,AK
2943,AK
2946,WI
2949,FL
2952,OK
2954,MI
2955,OH
2957,SC
2959,ID
2960,MS
2961,AK
2963,MI
2964,IL
2965,CA
2966,NC
2967,CA
2968,NY
2969,"IL, IN, MA, MI, MN, VT"
2970,CA
2971,CO
2972,NV
2973,NC
2974,AL
2975,"AZ, NM, UT"
2976,PA
2980,UT
2985,CA
2986,PA
2987,TN
2988,TX
2990,OK
2991,"AK, AL, AR, AS, AZ, CA, CO, CT, DC, DE, FL, GA, GU, HI, IA, ID, IL, IN, KS, KY, LA, MA, MD, ME, MI, MN, MO, MP, MS, MT, NC, ND, NE, NH, NJ, NM, NV, NY, OH, OK, OR, PA, PR, RI, SC, SD, TN, TX, UT, VA, VI, VT, WA, WI, WV, WY"
2992,CA
2995,IA
2998,MN
3000,MA
3002,CA
3003,NY
3004,PA
3005,IL
3007,ME
3010,"VA, WV"
3014,OH
3016,"AK, AL, AR, AS, AZ, CA, CO, CT, DC, DE, FL, GA, GU, HI, IA, ID, IL, IN, KS, KY, LA, MA, MD, ME, MI, MN, MO, MP, MS, MT, NC, ND, NE, NH, NJ, NM, NV, NY, OH, OK, OR, PA, PR, RI, SC, SD, TN, TX, UT, VA, VI, VT, WA, WI, WV, WY"
3017,"AK, AL, AR, AS, AZ, CA, CO, CT, DC, DE, FL, GA, GU, HI, IA, ID, IL, IN, KS, KY, LA, MA, MD, ME, MI, MN, MO, MP, MS, MT, NC, ND, NE, NH, NJ, NM, NV, NY, OH, OK, OR, PA, PR, RI, SC, SD, TN, TX, UT, VA, VI, VT, WA, WI, WV, WY"
3020,IN
3021,LA
3023,GA
3025,IL
3026,MO
3027,TX
3029,OH
3031,NY
3034,TX
3035,WI
3036,NV
3038,PA
3039,OH
3040,TN
3043,KY
3044,CA
3046,OH
3048,AL
3049,TX
3050,UT
3051,IN
3054,AL
3056,PA
3057,CA
3059,FL
3061,IL
3063,CO
3064,TX
3065,TX
3066,NY
3067,"TX, VA"
3069,IL
3071,IA
3072,AR
3073,AR
3076,TX
3080,PR
3082,SC
3085,GA
3087,ME
3088,KY
3091,TX
3093,OR
3094,"CA, DC, FL, GA, IL, IN, MD, MI, MO, NC, NJ, NY, OH, PA, TX, VA"
3095,OK
3097,TX
3098,CA
3099,CA
3100,AL
3102,"OK, TX"
3103,AK
3108,WV
3113,OH
3114,NH
3116,WI
3117,OH
3118,"AK, AL, AR, AS, AZ, CA, CO, CT, DC, DE, FL, GA, GU, HI, IA, ID, IL, IN, KS, KY, LA, MA, MD, ME, MI, MN, MO, MP, MS, MT, NC, ND, NE, NH, NJ, NM, NV, NY, OH, OK, OR, PA, PR, RI, SC, SD, TN, TX, UT, VA, VI, VT, WA, WI, WV, WY"
3119,MI
3121,AZ
3124,PA
3125,TX
3129,"AL, AR, AZ, CA, CO, CT, DC, DE, FL, GA, IA, ID, IL, IN, KS, KY, LA, MA, MD, ME, MI, MN, MO, MS, MT, NC, ND, NE, NH, NJ, NM, NV, NY, OH, OK, OR, PA, PR, RI, SC, SD, TN, TX, UT, VA, VT, WA, WI, WV, WY"
3130,AR
3132,MI
3136,TX
3137,AR
3138,AK
3139,NC
3140,WI
3143,CO
3145,MI
3146,OH
3147,GA
3149,WI
3151,TX
3152,WI
3154,"AL, AR, CA, FL, GA, IL, IN"
3156,CA
3157,MN
3158,MA
3159,MO
3161,"CA, KS, LA, MO"
3163,TX
3166,TX
3168,MI
3173,LA
3177,MA
3178,IL
3179,TX
3181,MI
3184,TX
3187,"AL, AR, CA, CT, DE, FL, GA, IA, IL, IN, KS, KY, LA, MA, MD, ME, MI, MN, MO, MS, NC, ND, NE, NH, NJ, NY, OH, OK, OR, PA, RI, SC, SD, TN, TX, VA, VT, WA, WI, WV"
3188,VA
3190,"AL, LA, MS, NC, OH, SC, TX, VA"
3191,OR
3192,"DC, MD"
3193,OH
3195,MD
3196,WI
3197,"KY, MO, TN"
3201,AR
3202,IL
3207,NJ
3211,AZ
3212,MO
3217,IN
3221,TX
3222,NH
3224,NY
3225,IN
3226,OR
3232,WA
3234,MI
3236,TX
3237,OR
3239,MO
3240,LA
3243,WI
3244,CA
3245,"AK, AL, AR, AS, AZ, CA, CO, CT, DC, DE, FL, GA, GU, HI, IA, ID, IL, IN, KS, KY, LA, MA, MD, ME, MI, MN, MO, MP, MS, MT, NC, ND, NE, NH, NJ, NM, NV, NY, OH, OK, OR, PA, PR, RI, SC, SD, TN, TX, UT, VA, VI, VT, WA, WI, WV, WY"
3246,MI
3247,"AR, VA"
3248,TX
3249,TX
3252,OK
3257,VA
3258,MT
3259,MI
3260,OH
3261,OH
3262,IL
3263,IL
3265,MI
3266,"AL, GA, MS"
3267,IL
3268,MI
3270,MI
3272,AL
3275,MI
3276,"AL, AR, AZ, CA, CO, CT, DC, DE, FL, GA, IA, ID, IL, IN, KS, KY, LA, MA, MD, ME, MI, MN, MO, MS, MT, NC, ND, NE, NH, NJ, NM, NV, NY, OH, OK, OR, PA, RI, SC, SD, TN, TX, UT, VA, VT, WA, WI, WV, WY"
3279,TX
3280,NV
3281,NY
3282,OR
3283,"AL, GA, MS"
3289,UT
3290,NY
3291,NY
3295,AK
3299,OK
3300,CA
3301,CA
3302,CA
3306,OH
3308,NJ
3309,PR
3310,NJ
3312,FL
3313,OH
3316,VA
3317,OH
3321,KS
3325,"AL, AR, FL, GA, IL, LA, MD, MO, MS, NC, OH, OK, SC, TN, TX"
3328,GA
3330,PA
3331,CT
3334,CA
3336,CA
3339,MO
3344,AZ
3345,CO
3347,TX
3348,TX
3349,MD
3353,WA
3355,TX
3356,LA
3357,LA
3362,WA
3365,VA
3371,GA
3372,CA
3375,CA
3376,KS
3377,ME
3379,WV
3381,CA
3382,"AL, AR, AZ, CA, CO, CT, DE, FL, GA, IA, ID, IL, IN, KS, KY, LA, MA, MD, ME, MI, MN, MO, MS, MT, NC, ND, NE, NH, NJ, NM, NV, NY, OH, OK, OR, PA, RI, SC, SD, TN, TX, UT, VA, VT, WA, WI, WV, WY"
3384,SC
3385,"ND, SD"
3389,CA
3391,CO
3392,"AL, FL, GA, KY, NC, SC, TN"
3394,AL
3397,CA
3398,TX
3401,NM
3405,NY
3406,OK
3409,MD
3414,MS
3421,SD
3422,MO
3423,MS
3424,MS
3425,MS
3430,MA
3432,AL
3433,"AZ, NM, UT"
3435,GA
3438,"AZ, NM, UT"
3439,WA
3440,GA
3444,KS
3448,NC
3451,GA
3452,GA
3455,OH
3461,CA
3462,WA
3463,ID
3471,NY
3473,CO
3474,WA
3475,WA
3476,CA
3479,OR
3481,WA
3485,WA
3501,"AL, GA, MS"
3504,IL
3507,"OK, TX"
3510,"AZ, NM"
3512,GA
3515,CA
3516,CO
3518,GA
3519,GA
3523,GA
3528,"DC, MD, VA"
3532,GA
3533,GA
3534,GA
3539,ID
3543,TX
3547,MO
3548,PR
3549,NV
3552,GA
3557,"AK, AL, AR, AS, AZ, CA, CO, CT, DC, DE, FL, GA, GU, HI, IA, ID, IL, IN, KS, KY, LA, MA, MD, ME, MI, MN, MO, MP, MS, MT, NC, ND, NE, NH, NJ, NM, NV, NY, OH, OK, OR, PA, PR, RI, SC, SD, TN, TX, UT, VA, VI, VT, WA, WI, WV, WY"
3560,GA
3563,AR
3567,GA
3569,GA
3572,CA
3573,GA
3574,CA
3576,WI
3578,"AK, AL, AR, AS, AZ, CA, CO, CT, DC, DE, FL, GA, GU, HI, IA, ID, IL, IN, KS, KY, LA, MA, MD, ME, MI, MN, MO, MP, MS, MT, NC, ND, NE, NH, NJ, NM, NV, NY, OH, OK, OR, PA, PR, RI, SC, SD, TN, TX, UT, VA, VI, VT, WA, WI, WV, WY"
3579,GA
3580,GA
3582,GA
3583,GA
3585,GA
3586,GA
3597,GA
3598,"IN, OH"
3601,MI
3605,GA
3606,GA
3607,GA
3608,GA
3609,GA
3613,"AZ, CA"
3616,TX
3618,GA
3621,GA
3635,UT
3636,GA
3638,WA
3639,CA
3643,FL
3645,OH
3646,NY
3648,"CA, IL, OR, PA"
3650,NY
3662,FL
3663,PA
3664,VA
3669,KS
3674,PR
3679,TX
3683,GA
3687,TX
3688,MI
3693,ME
3694,IA
3698,OK
3700,IA
3701,VA
3704,CO
3709,TX
3710,IA
3711,CO
3713,IA
3716,"IN, NY, SD"
3718,"AL, DE, FL, GA, MD, NC, NJ, PA, SC, VA"
3723,SC
3726,NY
3735,NC
3741,NM
3744,AK
3746,CA
3748,CA
3756,WA
3757,MI
3758,VA
3759,CA
3765,WI
3770,KY
3774,"DC, DE, FL, MD, NC, NJ, VA"
3787,ME
3788,PA
3792,CA
3793,FL
3803,WI
3810,MO
3814,"AK, AL, AR, AS, AZ, CA, CO, CT, DC, DE, FL, GA, GU, HI, IA, ID, IL, IN, KS, KY, LA, MA, MD, ME, MI, MN, MO, MP, MS, MT, NC, ND, NE, NH, NJ, NM, NV, NY, OH, OK, OR, PA, PR, RI, SC, SD, TN, TX, UT, VA, VI, VT, WA, WI, WV, WY"
3816,TX
3819,NJ
3822,UT
3824,CA
3830,TX
3834,"DC, MD"
3836,"ND, SD"
3837,TX
3840,CO
3843,ID
3851,CO
3852,CA
3858,AK
3866,TX
3867,"NH, VT"
3870,CA
3882,AR
3891,NY
3892,PA
3897,NM
3899,NM
3900,IL
3906,AL
3912,"AK, AL, AR, AS, AZ, CA, CO, CT, DC, DE, FL, GA, GU, HI, IA, ID, IL, IN, KS, KY, LA, MA, MD, ME, MI, MN, MO, MP, MS, MT, NC, ND, NE, NH, NJ, NM, NV, NY, OH, OK, OR, PA, PR, RI, SC, SD, TN, TX, UT, VA, VI, VT, WA, WI, WV, WY"
3914,TX
3925,LA
3929,PR
3933,PA
3934,MI
3944,PA
3947,AL
3948,TX
3952,MI
3954,TX
3955,NY
3961,"AK, AL, AR, AS, AZ, CA, CO, CT, DC, DE, FL, GA, GU, HI, IA, ID, IL, IN, KS, KY, LA, MA, MD, ME, MI, MN, MO, MP, MS, MT, NC, ND, NE, NH, NJ, NM, NV, NY, OH, OK, OR, PA, PR, RI, SC, SD, TN, TX, UT, VA, VI, VT, WA, WI, WV, WY"
3964,DC
3971,"CA, DC, LA, NY"
3972,PA
3973,KS
3974,GA
3978,MO
3979,AL
3982,"MI, NM, TX"
3993,PR
3997,AR
3998,IN
3999,"NM, OR"
4005,MD
4019,IL
4023,AL
4032,GA
4037,KS
4038,GU
4039,MO
4045,AZ
4054,NJ
4057,NH
4058,MI
4064,MI
4068,SC
4069,MI
4082,VI
4087,GA
4088,"AK, AL, AR, AS, AZ, CA, CO, CT, DC, DE, FL, GA, GU, HI, IA, ID, IL, IN, KS, KY, LA, MA, MD, ME, MI, MN, MO, MP, MS, MT, NC, ND, NE, NH, NJ, NM, NV, NY, OH, OK, OR, PA, PR, RI, SC, SD, TN, TX, UT, VA, VI, VT, WA, WI, WV, WY"
4095,IL
4098,"DE, PA"
4101,FL
4103,KS
4111,PR
4112,MI
4113,MI
4116,KS
4134,PA
4139,CA
4140,PA
4141,OH
4142,OR
4143,CA
4144,KS
4145,MN
4146,MN
4147,MN
4148,MN
4149,AK
4150,KS
4152,KS
4153,"NV, UT"
4155,KS
4156,"NJ, NY, PA"
4157,VA
4158,OK
4159,OR
4160,IN
4161,KY
4162,OK
4163,AZ
4164,TX
4165,VA
4166,KY
4167,GA
4168,GA
4169,IL
4170,VA
4171,VA
4172,OR
4173,AZ
4174,CA
4176,NC
4178,GA
4179,MA
4180,NC
4181,NY
4182,VA
4183,AL
4184,NM
4185,NY
4194,OR
4197,IN
4198,PA
4202,PR
4207,"KS, MO, OK"
4215,GA
4217,RI
4218,NC
4227,OH
4229,IL
4232,IL
4235,FL
4237,NY
4239,TN
4243,IL
4245,"NH, VT"
4248,NH
4250,IL
4255,"AL, GA"
4266,PA
4278,ND
4279,ID
4285,"KS, MO, OK"
4286,IL
4289,MS
4296,"MD, MA, TN"
4298,IL
4299,MN
4300,NC
4305,KY
4311,VA
4315,MS
4316,"AL, GA"
4317,IL
4318,MA
4324,"CA, GA, MS, NY"
4325,"AL, GA"
4327,"CA, CT, MI"
4331,AL
4342,OR
4343,NY
4345,NY
4349,LA
4357,NY
4359,MO
4373,FL
4374,GA
4380,"MI, WI"
4384,CA
4386,AK
4387,CA
4390,CA
4391,NY
4393,CA
4395,OH
4422,"MA, RI"
4427,HI
4428,IL
4431,VA
4433,MN
4435,"AZ, CA, NV, NM, UT"
4439,TN
4452,KS
4453,"AK, AZ, CA, CO, DC, FL, HI, IL, KY, MN, NM, NY, OR, SD, WI"
4456,ID
4458,"AL, AK, AZ, AR, CA, CO, CT, DE, DC, FL, GA, HI, ID, IL, IN, IA, KS, KY, LA, ME, MD, MA, MI, MN, MS, MO, MT, NE, NV, NH, NJ, NM, NY, NC, ND, OH, OK, OR, PA, RI, SC, SD, TN, TX, UT, VT, VA, WA, WV, WI, WY"
4463,GA
4464,CA
4467,NH
4468,"AK, AZ, CO, ID, MT, NE, NM, ND, OR, SD, UT, WA"
4471,NY
4472,MN
4480,MA
4491,CA
4493,AR
4505,UT
4506,VA
4513,IL
4516,MD
4521,MO
4522,"GA, MO"
4523,IL
4540,CA
4544,OK
4546,NY
4548,WV
4561,IL
4580,NJ
4581,AK
4583,CA
4589,"AL, AK, AZ, AR, CA, CO, CT, DE, DC, FL, GA, HI, ID, IL, IN, IA, KS, KY, LA, ME, MD, MA, MI, MN, MS, MO, MT, NE, NV, NH, NJ, NM, NY, NC, ND, NA, OH, OK, OR, PA, RI, SC, SD, TN, TX, UT, VT, VA, WA, WV, WI, WY"
4605,NM
4620,"KS, MO"
4625,MI
4627,"CA, DC, GA, LA, NY"
4630,"AL, AK, AS, AZ, AR, CA, CO, CT, DE, DC, FM, FL, GA, GU, HI, ID, IL, IN, IA, KS, KY, LA, ME, MH, MD, MA, MI, MN, MS, MO, MT, NE, NV, NH, NJ, NM, NY, NC, ND, MP, OH, OK, OR, PW, PA, PR, RI, SC, SD, TN, TX, UT, VT, VI, VA, WA, WV, WI, WY"
4633,IN
4634,NC
4642,AR
4644,TX
4648,NY
4651,GA
4657,PA
4658,"MI, MN, WI"
4660,"GA, SC"
4662,FL
4664,PA
4671,WI
4672,"CA, MN, WI"
4677,FL
4686,MO
4693,FL
4722,MA
4727,CA
4728,OH
4736,AL
4741,NC
4756,CT
4766,MA
4769,NV
4773,"AL, AK, AS, AZ, AR, CA, CO, CT, DE, DC, FM, FL, GA, GU, HI, ID, IL, IN, IA, KS, KY, LA, ME, MH, MD, MA, MI, MN, MS, MO, MT, NE, NV, NH, NJ, NM, NY, NC, ND, MP, OH, OK, OR, PW, PA, PR, RI, SC, SD, TN, TX, UT, VT, VI, VA, WA, WV, WI, WY"
4774,MO
4776,WA
4781,WA
4807,FL
4808,OH
4809,VA
4816,VI
4818,ID
4826,TX
4827,PA
4831,MS
4832,MS
4841,CA
4843,DE
4845,AL
4847,LA
4852,AR
4853,UT
4858,CA
4865,MI
4866,MN
4867,CA
4869,AL
4870,GA
4871,CA
4882,NH
4884,AZ
4903,GA
4909,IL
4910,"AZ, CA, NV"
4911,"AZ, CA, CO, ID, KS, MD, MN, MO, NM, PA, TX"
4923,TX
4924,TX
4927,AK
4961,TX
4976,SC
4991,VA
4999,IN
5012,"AL, FL, GA, KY, LA, MS, NC, SC, TN, TX"
5015,"NJ, NY, PA"
5017,FL
5022,ID
5026,NY
5028,SC
5042,NV
5046,CA
5047,CA
5049,PA
5067,FL
5068,CA
5072,MD
5073,NE
5075,NY
5090,CO
5105,SC
5112,MO
5114,OH
5116,DC
5117,DC
5118,DC
5121,IL
5129,MI
5130,MI
5131,IA
5135,NY
5136,WV
5141,IL
5151,IL
5153,IL
5158,WA
5159,CO
5160,PA
5177,MN
5180,OK
5182,FL
5188,OK
5194,GA
5198,CO
5201,CA
5202,KS
5209,WA
5212,WA
5217,CA
5222,NM
5224,CA
5230,SC
5231,SC
5246,NC
5247,NC
5253,GA
5254,PA
5300,PA
5302,KY
5305,GA
5306,OR
5307,MS
5313,WI
5318,CO
5319,NJ
5331,OH
5332,AR
5335,"AL, AK, AS, AZ, AR, CA, CO, CT, DE, DC, FM, FL, GA, GU, HI, ID, IL, IN, IA, KS, KY, LA, ME, MH, MD, MA, MI, MN, MS, MO, MT, NE, NV, NH, NJ, NM, NY, NC, ND, MP, OH, OK, OR, PW, PA, PR, RI, SC, SD, TN, TX, UT, VT, VI, VA, WA, WV, WI, WY"
5343,GA
5344,AK
5346,OH
5347,VA
5352,WI
5354,OR
5360,NY
5364,GA
5367,CA
5371,TN
5374,NV
5376,WA
5377,NY
5387,UT
5388,FL
5390,IA
5391,CA
5397,MN
5403,AL
5417,NY
5422,FL
5423,MN
5426,FL
5428,MN
5432,SC
5449,VA
5453,FL
5454,WA
5459,FL
5460,VA
5466,NY
5469,FL
5473,CA
5474,CO
5478,IL
5503,AL
5507,CA
5511,"AZ, NM, UT"
5516,CO
5517,"AS, FM, GU, HI, MH, MP, PW"
5518,AL
5522,TN
5538,MN
5545,LA
5546,MO
5555,RI
5558,AZ
5561,AK
5569,CA
5595,HI
5601,"ID, IL, IA, MN, MT, ND, WA, WI"
5602,AL
5622,MI
5625,GA
5636,NC
5637,TX
5662,MO
5664,OH
5669,VA
5672,MN
5674,"IN, OH, PA"
5676,NC
5682,MI
5683,KY
5684,CA
5690,"AZ, CA, CO, DC, MA, MN, NJ, NY, OH, OR, PA, TX, VT"
5693,KY
5695,MA
5697,"AK, AL, AR, AS, AZ, CA, CO, CT, DC, DE, FL, FM, GA, GU, HI, IA, ID, IL, IN, KS, KY, LA, MA, MD, ME, MH, MI, MN, MO, MP, MS, MT, NC, ND, NE, NH, NJ, NM, NV, NY, OH, OK, OR, PA, PR, PW, RI, SC, SD, TN, TX, UT, VA, VI, VT, WA, WI, WV, WY"
5699,AR
5700,NM
5701,NM
5703,TX
5704,"IL, IN, MI, WI"
5709,WI
5710,WI
5711,CA
5714,UT
5718,CA
5719,CA
5723,AL
5724,AZ
5725,"OK, TX"
5732,TX
5738,FL
5740,"AL, AR, CA, DC, FL, GA, IL, IN, KY, LA, MD, MA, MI, MN, MS, MO, NJ, NY, NC, OH, OK, PA, SC, TN, TX, VA, WI"
5745,NM
5748,GA
5752,CA
5763,AL
5764,NY
5766,AL
5767,NH
5772,FL
5773,FL
5775,CA
5777,DC
5779,FL
5783,NY
5786,HI
5787,TX
5789,NC
5791,NC
5801,KY
5809,CO
5820,MN
5840,CA
5843,AL
5884,OR
5886,HI
5900,TX
5910,HI
5943,KY
5946,NJ
5966,IL
5991,"KS, OK"
5994,TX
5998,TX
6000,MI
6001,MA
6002,NE
6008,WY
6010,NY
6021,NC
6023,NC
6025,PA
6027,FL
6033,IL
6054,NY
6055,CA
6058,MA
6064,PR
6065,NV
6068,TN
6069,IN
6071,"CA, HI, NM, OR, UT, WA"
6073,OR
6074,PR
6075,MI
6081,"AL, AK, AS, AZ, AR, CA, CO, CT, DE, DC, FM, FL, GA, GU, HI, ID, IL, IN, IA, KS, KY, LA, ME, MH, MD, MA, MI, MN, MS, MO, MT, NE, NV, NH, NJ, NM, NY, NC, ND, MP, OH, OK, OR, PW, PA, PR, RI, SC, SD, TN, TX, UT, VT, VI, VA, WA, WV, WI, WY"
6082,NY
6084,OH
6092,MT
6095,"AL, AK, AS, AZ, AR, CA, CO, CT, DE, DC, FM, FL, GA, GU, HI, ID, IL, IN, IA, KS, KY, LA, ME, MH, MD, MA, MI, MN, MS, MO, MT, NE, NV, NH, NJ, NM, NY, NC, ND, MP, OH, OK, OR, PW, PA, PR, RI, SC, SD, TN, TX, UT, VT, VI, VA, WA, WV, WI, WY"
6111,"AK, CO, OH, TX, WA"
6113,NV
6119,SD
6122,MS
6145,CA
6156,WA
6160,"AZ, CA, HI, NV"
6161,LA
6178,ND
6183,MO
6186,MA
6197,NE
6198,MO
6207,KS
6216,NM
6218,LA
6221,AZ
6224,NY
6233,OH
6234,GA
6235,NJ
6238,NY
6239,FL
6245,VT
6247,NJ
6251,NC
6255,OH
6258,NJ
6260,TX
6261,TX
6263,IL
6273,NJ
6274,MO
6277,KY
6280,VA
6281,OH
6283,AL
6286,CO
6290,TX
6291,ME
6294,KY
6301,KY
6302,VA
6303,CA
6305,CA
6312,DE
6313,IN
6317,SC
6319,NE
6320,MI
6321,WA
6322,CA
6324,VA
6326,LA
6330,TX
6331,PA
6346,NY
6347,NY
6348,"OH, PA"
6349,IN
6350,HI
6351,AR
6353,IL
6355,MT
6356,FL
6359,ME
6360,IN
6362,CA
6364,GA
6367,IN
6370,NM
6377,FL
6386,FL
6387,NE
6388,IL
6392,IL
6396,AK
6397,GA
6398,VI
6402,AK
6405,MN
6408,TN
6411,CA
6412,NY
6413,NY
6417,MN
6422,IL
6423,NM
6431,TN
6437,NJ
6439,"AL, AK, AS, AZ, AR, CA, CO, CT, DE, DC, FM, FL, GA, GU, HI, ID, IL, IN, IA, KS, KY, LA, ME, MH, MD, MA, MI, MN, MS, MO, MT, NE, NV, NH, NJ, NM, NY, NC, ND, MP, OH, OK, OR, PW, PA, PR, RI, SC, SD, TN, TX, UT, VT, VI, VA, WA, WV, WI, WY"
6440,DC
6443,CA
6444,DC
6445,IL
6446,ME
6447,MD
6448,NY
6449,PA
6450,VA
6451,CA
6455,TX
6457,CO
6458,"CA, FL, GA, IN, MI, NJ, PA, WI"
6463,CO
6464,CA
6465,CA
6469,PR
6470,PR
6471,ME
6478,VI
6479,VI
6482,"DC, FL, MD, MA, VA"
6487,GA
6488,FL
6490,MT
6491,LA
6492,VA
6494,TN
6495,LA
6496,FL
6499,NM
6501,OR
6503,CA
6504,NC
6508,NY
6509,FL
6510,DC
6513,ID
6514,CA
6515,AR
6516,"IN, IA, MI, MN, NH, OH, TX, VA, WA, WI"
6518,FL
6519,MO
6522,WY
6523,UT
6526,TX
6528,OK
6529,"AL, AK, AZ, AR, CA, CO, CT, DE, DC, FL, GA, ID, IL, IN, IA, KS, KY, LA, ME, MD, MA, MI, MN, MS, MO, MT, NE, NV, NH, NJ, NM, NY, NC, ND, OH, OK, OR, PA, RI, SC, SD, TN, TX, UT, VT, VA, WA, WV, WI, WY"
6531,FL
6533,CA
6536,AK
6538,CA
6539,CA
6542,CA
6544,ME
6545,TX
6546,AR
6547,MI
6548,MI
6552,MN
6566,AZ
6570,FL
6571,AR
6575,AR
6577,TX
6581,OH
6586,WI
6587,NY
6588,TN
6591,CA
6592,CA
6594,IA
6595,MO
6597,VA
6607,MN
6608,NY
6611,VA
6616,IL
6619,FL
6622,"AZ, NM, UT"
6624,PA
6625,PA
6627,NJ
6634,MD
6635,PR
6637,WA
6640,OH
6641,NV
6642,TX
6645,KY
6647,KY
6648,"DE, MD, NJ, PA"
6649,NY
6650,MN
6651,"CA, LA, MN, NY, OR, TX"
6652,LA
6653,MA
6654,PA
6655,CA
6657,MO
6660,MA
6661,AL
6662,AR
6664,AR
6665,IA
6669,VA
6670,PA
6672,"AK, AL, AR, AS, AZ, CA, CO, CT, DC, DE, FL, FM, GA, GU, HI, IA, ID, IL, IN, KS, KY, LA, MA, MD, ME, MH, MI, MN, MO, MP, MS, MT, NC, ND, NE, NH, NJ, NM, NV, NY, OH, OK, OR, PA, PR, PW, RI, SC, SD, TN, TX, UT, VA, VI, VT, WA, WI, WV, WY"
6673,"AZ, CA, DC, FL, GA, IL, LA, MI"
6675,FL
6676,NY
6677,"AL, AK, AS, AZ, AR, CA, CO, CT, DE, DC, FM, FL, GA, GU, HI, ID, IL, IN, IA, KS, KY, LA, ME, MH, MD, MA, MI, MN, MS, MO, MT, NE, NV, NH, NJ, NM, NY, NC, ND, MP, OH, OK, OR, PW, PA, PR, RI, SC, SD, TN, TX, UT, VT, VI, VA, WA, WV, WI, WY"
6680,AL
6681,IL
6683,KY
6685,MS
6688,PR
6689,VA
6690,PR
6691,NV
6694,TX
6695,NJ
6697,AL
6698,MN
6705,"CA, FL, GA, IN, MI, NJ, PA, WI"
6709,NY
6720,"NH, VT"
6721,"DC, MD, VA"
6723,"AZ, NM"
6724,SC
6726,VA
6729,AL
6730,CA
6731,TN
6736,AR
6737,NV
6738,NV
6742,MD
6743,ID
6747,PR
6748,NY
6757,AL
6759,FL
6760,NC
6763,NY
6764,AL
6765,PR
6766,GA
6767,CA
6768,"AK, AZ, CA, CO, IA, ID, IL, MN, MT, ND, NM, NY, OK, OR, SC, SD, TX, UT, WA, WY"
6771,TN
6772,FL
6773,NC
6774,AL
6775,SC
6779,AL
6783,OR
6787,PA
6791,WA
6793,IA
6795,"CA, CO, GA, WV"
6799,LA
6806,TX
6811,MA
6814,"AL, AK, AS, AZ, AR, CA, CO, CT, DE, DC, FM, FL, GA, GU, HI, ID, IL, IN, IA, KS, KY, LA, ME, MH, MD, MA, MI, MN, MS, MO, MT, NE, NV, NH, NJ, NM, NY, NC, ND, MP, OH, OK, OR, PW, PA, PR, RI, SC, SD, TN, TX, UT, VT, VI, VA, WA, WV, WI, WY"
6819,LA
6822,WI
6826,FL
6827,OH
6828,SC
6832,NM
6836,FL
6841,UT
6842,TX
6843,"FL, IN, KY, PA"
6845,KY
6846,AZ
6848,VA
6850,MA
6851,MN
6853,GA
6855,IN
6867,FL
6869,FL
6870,NY
6871,MI
6873,"AL, CT, IL"
6878,NM
6879,FL
6883,"AL, AK, AS, AZ, AR, CA, CO, CT, DE, DC, FM, FL, GA, GU, HI, ID, IL, IN, IA, KS, KY, LA, ME, MH, MD, MA, MI, MN, MS, MO, MT, NE, NV, NH, NJ, NM, NY, NC, ND, MP, OH, OK, OR, PW, PA, PR, RI, SC, SD, TN, TX, UT, VT, VI, VA, WA, WV, WI, WY"
6890,CA
6891,TX
6892,VA
6895,"DC, MD, VA"
6899,ME
6900,CA
6902,MD
6903,CA
6904,NY
6905,NC
6907,IL
6908,IL
6909,KY
6910,SC
6911,"AL, AK, AS, AZ, AR, CA, CO, CT, DE, DC, FM, FL, GA, GU, HI, ID, IL, IN, IA, KS, KY, LA, ME, MH, MD, MA, MI, MN, MS, MO, MT, NE, NV, NH, NJ, NM, NY, NC, ND, MP, OH, OK, OR, PW, PA, PR, RI, SC, SD, TN, TX, UT, VT, VI, VA, WA, WV, WI, WY"
6913,"AZ, NM, TX"
6914,PR
6915,"FL, PR"
6918,OK
6920,IN
6921,DC
6923,CA
6924,SC
6926,LA
6929,KS
6935,"AL, AK, AS, AZ, AR, CA, CO, CT, DE, DC, FM, FL, GA, GU, HI, ID, IL, IN, IA, KS, KY, LA, ME, MH, MD, MA, MI, MN, MS, MO, MT, NE, NV, NH, NJ, NM, NY, NC, ND, MP, OH, OK, OR, PW, PA, PR, RI, SC, SD, TN, TX, UT, VT, VI, VA, WA, WV, WI, WY"
6936,FL
6940,SC
6942,PA
6955,NM
6960,"AL, AK, AS, AZ, AR, CA, CO, CT, DE, DC, FM, FL, GA, GU, HI, ID, IL, IN, IA, KS, KY, LA, ME, MH, MD, MA, MI, MN, MS, MO, MT, NE, NV, NH, NJ, NM, NY, NC, ND, MP, OH, OK, OR, PW, PA, PR, RI, SC, SD, TN, TX, UT, VT, VI, VA, WA, WV, WI, WY"
6962,IA
6966,PA
6969,IN
6977,"AL, AK, AS, AZ, AR, CA, CO, CT, DE, DC, FM, FL, GA, GU, HI, ID, IL, IN, IA, KS, KY, LA, ME, MH, MD, MA, MI, MN, MS, MO, MT, NE, NV, NH, NJ, NM, NY, NC, ND, MP, OH, OK, OR, PW, PA, PR, RI, SC, SD, TN, TX, UT, VT, VI, VA, WA, WV, WI, WY"
6985,MD
6993,SC
6994,AL
6997,WI
6999,GA
7000,NY
7003,KY
7004,OH
7005,NJ
7007,CA
7010,NM
7016,GA
7017,AS
7018,GA
7020,PA
7022,MO
7023,SC
7025,"AZ, CA, CO, FL, GA, ID, IL, IN, LA, MD, MN, NV, NM, NY, NC, ND, OR, SC, SD, TX, VA, WA, WY"
7027,"AL, AK, AZ, AR, CA, CO, CT, DE, DC, FL, GA, HI, ID, IL, IN, IA, KS, KY, LA, ME, MD, MA, MI, MN, MS, MO, MT, NE, NV, NH, NJ, NM, NY, NC, ND, OH, OK, OR, PA, RI, SC, SD, TN, TX, UT, VT, VA, WA, WV, WI, WY"
7034,NY
7037,"DC, KY, MD, MO"
7038,CA
7039,AZ
7042,"AL, AK, AS, AZ, AR, CA, CO, CT, DE, DC, FM, FL, GA, GU, HI, ID, IL, IN, IA, KS, KY, LA, ME, MH, MD, MA, MI, MN, MS, MO, MT, NE, NV, NH, NJ, NM, NY, NC, ND, MP, NA, OH, OK, OR, PW, PA, PR, RI, SC, SD, TN, TX, UT, VT, VI, VA, WA, WV, WI, WY"
7043,"NY, PR, VI"
7047,NV
7057,"CA, IN, LA, MA, NJ, SC, TX, WA"
7065,FL
7067,"KS, MO"
7070,WA
7071,FL
7073,"IL, IN, IA, MN, OH, WI"
7076,GA
7077,FL
7078,MS
7080,WY
7081,NM
7082,TX
7083,TX
7085,TX
7086,"NY, PR, VI"
7089,TN
7100,MA
7101,WV
7102,CA
7103,AS
7104,SC
7108,"AL, AK, AZ, AR, CA, CO, CT, DE, DC, FL, GA, HI, ID, IL, IN, IA, KS, KY, LA, ME, MD, MA, MI, MN, MS, MO, MT, NE, NV, NH, NJ, NM, NY, NC, ND, OH, OK, OR, PA, RI, SC, SD, TN, TX, UT, VT, VA, WA, WV, WI, WY"
7111,AL
7115,AZ
7118,TX
7121,FL
7129,PA
7130,"AR, TX"
7136,CA
7137,NY
7143,FL
7145,"NM, TX"
7149,MI
7150,VI
7152,"MD, PA, WV"
7156,PA
7173,IL
7181,"AK, AL, AR, AS, AZ, CA, CO, CT, DC, DE, FL, FM, GA, GU, HI, IA, ID, IL, IN, KS, KY, LA, MA, MD, ME, MH, MI, MN, MO, MP, MS, MT, NA, NC, ND, NE, NH, NJ, NM, NV, NY, OH, OK, OR, PA, PR, PW, RI, SC, SD, TN, TX, UT, VA, VI, VT, WA, WI, WV, WY"
7184,AR
7185,GA
7199,PA
7201,AL
7204,IL
7217,NM
7228,AZ
7233,VA
7234,NY
7235,TX
7237,NM
7241,TX
7242,"AL, GA"
7244,NY
7248,MS
7250,MN
7252,AK
7254,NJ
7266,FL
7271,"HI, NJ, NY"
7274,MI
7277,VA
7280,VA
7283,AL
7284,CO
7292,FL
7294,IA
7296,OH
7299,CA
7301,PR
7302,MO
7306,NY
7307,AL
7309,CA
7310,CA
7314,IL
7319,AL
7331,FL
7334,NY
7335,MI
7342,"GU, MP"
7343,MO
7344,CA
7351,VT
7356,CT
7357,WY
7358,"AR, KY, MS, TN, TX, VA"
7366,WA
7368,"AL, LA, MS"
7376,PR
7380,FL
7385,"AR, OK"
7392,MD
7396,CA
7397,LA
7399,CO
7402,AL
7403,PR
7420,TN
7421,NY
7424,MN
7425,"KS, MO"
7432,GA
7436,NJ
7439,FL
7453,KS
7454,NJ
7456,"MD, VA, WV"
7461,"NC, SC"
7463,NE
7465,TX
7470,FL
7472,NV
7477,"AL, LA, MS, TX"
7478,WI
7480,CA
7487,TX
7502,"AL, AK, AS, AZ, AR, CA, CO, CT, DE, DC, FM, FL, GA, GU, HI, ID, IL, IN, IA, KS, KY, LA, ME, MH, MD, MA, MI, MN, MS, MO, MT, NE, NV, NH, NJ, NM, NY, NC, ND, MP, NA, OH, OK, OR, PW, PA, PR, RI, SC, SD, TN, TX, UT, VT, VI, VA, WA, WV, WI, WY"
7508,"NH, NY, VT"
7509,CA
7519,"AL, AK, AS, AZ, AR, CA, CO, CT, DE, DC, FM, FL, GA, GU, HI, ID, IL, IN, IA, KS, KY, LA, ME, MH, MD, MA, MI, MN, MS, MO, MT, NE, NV, NH, NJ, NM, NY, NC, ND, MP, NA, OH, OK, OR, PW, PA, PR, RI, SC, SD, TN, TX, UT, VT, VI, VA, WA, WV, WI, WY"
7520,FL
7522,FL
7523,LA
7524,NY
7535,IN
7537,WV
7541,UT
7542,"AL, AK, AR, CA, CO, FL, GA, ID, IL, IN, IA, KS, KY, LA, ME, MA, MN, MS, MO, MT, NE, NV, NH, NM, NY, NC, ND, OH, OK, OR, PA, PR, SC, SD, TN, TX, UT, VT, VA, WA, WV, WI, WY"
7544,AL
7545,TX
7546,TX
7557,KY
7558,IN
7601,PA
7604,CT
7605,CA
7615,CA
7619,VI
7622,PR
7634,MD
7638,MT
7641,"CA, IL, NM, PA"
7648,NV
7650,AK
7661,OK
7681,AS
7685,"DE, GA, IL, MD, MO, NY, PA, TX, UT, WI"
7691,KY
7692,IN
7697,CA
7701,"AL, AK, AS, AZ, AR, CA, CO, CT, DE, DC, FM, FL, GA, GU, HI, ID, IL, IN, IA, KS, KY, LA, ME, MH, MD, MA, MI, MN, MS, MO, MT, NE, NV, NH, NJ, NM, NY, NC, ND, MP, OH, OK, OR, PW, PA, PR, RI, SC, SD, TN, TX, UT, VT, VI, VA, WA, WV, WI, WY"
7716,LA
7718,NJ
7721,RI
7731,"ID, OR"
7749,CT
7797,CA
7798,MP
7799,MP
7800,TX
7801,NY
7802,CA
7803,MI
7804,GA
7805,ME
7806,IL
7807,IA
7808,CA
7809,AL
7810,PR
7811,NY
7812,TX
7813,
7814,TX
7815,MS
7816,LA
7817,TX
7818,"AL, GA, MS, NC, SC"
10000,PA
10001,KY
10002,"MT, ND, SD, WY, UT, CO, NE, KS, OK, TX, NM, AZ, NV"
10003,IL
10004,AL
10005,MI
10006,IL
10007,NM
10008,NM
10009,AL
10010,NY
10011,CA
10013,CA
10014,WV
10015,LA
10016,KY
10017,FL
10018,NY
10019,KY
10020,MS
10021,MS
10022,NC
10023,SC
10024,CO
10025,VA
10026,AR
10027,IL
10028,VI
10029,KS
10030,AL
10031,CA
10032,"MI, WI"
10033,WV
10034,NY
10035,MN
10036,FL
10037,FL
10038,GA
10039,IN
10040,IL
10041,NY
10042,"SD, MT, WY"
10043,IL
10044,VT
10045,WV
10046,MD
10047,IL
10048,NY
10049,USA
10050,NC
10051,AK
10053,GA
10054,IL
10056,NM
10057,PA
10058,WA
10059,MD
10060,IL
10061,LA
10062,AR
10063,KY
10064,SD
10065,WI
10066,"MI, AL, GA"
10067,TN
10068,MS
10069,GA
10070,GA
10071,GA
10072,GA
10073,GA
10074,FL
10075,MA
10076,TX
10077,TX
10078,CA
5236,NY
6328,IA
6636,AR
6876,IL
6927,AL
6932,AL
7021,"AK, GA, IL, MI, MS, OH, TN, VA"
7820,DC
7823,CO
7826,OR
7827,WI
7835,CA
7841,NY
7848,FL
7851,NY
7853,HI
7859,WA
7861,AZ
7868,NM
7872,NJ
7873,MA
7878,NC
7822,VA
7834,IA
7849,TX
